ISBE_ID,4 Yr Graduation Rate (%),5 Yr Graduation Rate (%),Address,All 4 Subjects College Ready (%),Average Class Size,Avg. Teacher Salary ($),City,College Ready (%),Domain,English College Ready (%),English Learners (%),Grades,Instructional Spending per Student ($),Low Income (%),Mathematics College Ready (%),Mobility (%),Name,Number Districts,Number Schools,Operational Spending per Student ($),PARCC Proficiency (%),Principal Turnover,Reading College Ready (%),Ready for Next,Science College Ready (%),State,Total Enrollment,Total Teacher FTE (N),With Disabilities (%),Zip
150162990250848,92.8,100,3630 S WELLS ST ,3,21.8,68968,CHICAGO,24.8,School,59.4,2.7,9-12,9778,88.1,9.9,5.5,AIR FORCE ACAD HIGH SCHOOL,,,15120,9.4,1,20.8,9.4%,14.9,IL,370,22559,9.7,60609
150162990250849,95.9,98.4,2957 N HOYNE AVE ,6,19.8,68968,CHICAGO,20,School,48,6.1,9-12,9778,81.8,16,6,ALCOTT HUMANITIES HIGH SCHOOL,,,15120,14.3,2,14,14.3%,20,IL,264,22559,22.3,60618
150162990250001,81.1,87.8,5110 N DAMEN AVE ,2.2,25.6,68968,CHICAGO,17.9,School,38,12.9,9-12,9778,92.8,12.9,15.5,AMUNDSEN HIGH SCHOOL,,,15120,14.9,2,11.1,14.9%,9.3,IL,1157,22559,15.2,60625
150162990250839,95.3,95.3,231 N PINE AVE ,0,11.8,68968,CHICAGO,0,School,16,0.7,9-12,9778,98.7,0,24.4,AUSTIN BUS & ENTREPRENEURSHIP HS,,,15120,1.8,5,2,1.8%,0,IL,149,22559,24.2,60644
150162990250840,94.3,78.4,231 N PINE AVE ,0,10.8,68968,CHICAGO,0,School,7.5,0.6,9-12,9778,98.1,2.5,40.3,AUSTIN POLYTECHNICAL ACADEMY HS,,,15120,3.4,4,2.5,3.4%,0,IL,158,22559,24.1,60644
150162990250014,,,2111 W 47Th St ,,20.5,68968,Chicago,,School,,15.3,9-10,9778,98.7,,5.5,BACK OF THE YARDS IB HS,,,15120,35,1,,35%,,IL,549,22559,8.7,60609
150162990250003,80.5,88.1,3939 W 79TH ST ,1.2,23.3,68968,CHICAGO,7.5,School,23.9,9.2,9-12,9778,92.4,3.3,18.8,BOGAN HIGH SCHOOL,,,15120,1.5,2,7.8,1.5%,4.8,IL,1081,22559,22.2,60652
150162990250824,61.1,69.2,2710 E 89TH ST ,0,19.5,68968,CHICAGO,1.9,School,18.4,5.6,9-12,9778,96.3,2.9,52.4,BOWEN HIGH SCHOOL,,,15120,0.8,3,1,0.8%,1.9,IL,534,22559,30.5,60617
150162990250834,97.3,97.5,4934 S Wabash Ave ,0,24.5,68968,Chicago,4.2,School,30.5,0.4,9-12,9778,95.6,4.2,12.8,BRONZEVILLE SCHOLASTIC HS,,,15120,1.2,2,8.5,1.2%,3.4,IL,474,22559,11.4,60615
150162990250788,97.7,96.9,250 E 111TH ST ,31.1,26.7,68968,CHICAGO,80.6,School,95,0,9-12,9778,76.1,50.6,3.6,BROOKS COLLEGE PREP ACADEMY HS,,,15120,53.5,2,65.6,53.5%,52.8,IL,757,22559,1.7,60628
150162990250006,98.1,100,13100 S DOTY AVE ,2.7,25.1,68968,CHICAGO,13.4,School,46.4,2.4,9-12,9778,95.4,10.7,2.8,CARVER MILITARY ACADEMY HS,,,15120,6.9,3,10.7,6.9%,8,IL,502,22559,7.6,60827
150162990250820,87,90.4,3400 N AUSTIN AVE ,4.8,20.4,68968,CHICAGO,23.4,School,49.2,6.6,9-12,9778,85.6,18.5,6.6,CHICAGO ACADEMY HIGH SCHOOL,,,15120,25.3,1,16.1,25.3%,14.5,IL,527,22559,17.8,60634
150162990250862,16.5,49.2,1257 W 111Th St ,0,23.4,68968,Chicago,1.3,School,3.8,0,9-12,9778,94.6,1.3,100.3,CHICAGO EXCEL ACADEMY HS,,,15120,,2,2.6,-,0,IL,370,22559,9.5,60643
150162990250772,91.3,95,3857 W 111TH ST ,13.4,25.2,68968,CHICAGO,45.5,School,72.3,0.2,9-12,9778,51.7,29.5,2.5,CHICAGO HS FOR AGRICULT SCIENCES,,,15120,35.4,1,33.9,35.4%,31.3,IL,617,22559,9.2,60655
150162990250851,89,89.9,2714 W AUGUSTA BLVD ,12.7,21.1,68968,CHICAGO,45.2,School,73,1.9,9-12,9778,56.8,24.6,4.7,CHICAGO HS FOR THE ARTS,,,15120,40.1,5,38.9,40.1%,34.1,IL,576,22559,7.8,60622
150162990250795,100,94,3519 S GILES AVE ,1.7,25.3,68968,CHICAGO,15.3,School,54.2,2.3,9-12,9778,94.9,8.5,11.5,CHICAGO MILITARY ACADEMY HS,,,15120,3.8,2,13.6,3.8%,8.5,IL,395,22559,9.9,60653
150162990250850,84.5,93.1,1301 W 14TH ST ,0,24.6,68968,CHICAGO,16.5,School,22.8,2.7,9-12,9778,93.6,8.9,7.2,CHICAGO TECHNOLOGY ACADEMY HS,,,15120,9.2,4,7.6,9.2%,8.9,IL,376,22559,20.5,60608
150162990250526,72.9,84.9,2100 E 87TH ST ,0.7,20.2,68968,CHICAGO,1.4,School,12.7,1,9-12,9778,96.8,2.1,30.5,CHICAGO VOCATIONAL CAREER ACAD HS,,,15120,1.3,3,1.4,1.3%,1.4,IL,1005,22559,23.5,60617
150162990250827,95.9,91.9,5101 W HARRISON ST ,0.9,23.7,68968,CHICAGO,4.3,School,27.4,0,9-12,9778,98.4,2.6,14.6,CLARK ACAD PREP MAGNET HIGH SCHL,,,15120,3.9,2,10.3,3.9%,8.5,IL,492,22559,10.8,60644
150162990250545,82.5,87.3,1147 N WESTERN AVE ,0,26.2,68968,CHICAGO,3.6,School,17.4,13.5,9-12,9778,96,2.1,19.5,CLEMENTE COMMUNITY ACADEMY HS,,,15120,3,2,4.6,3%,2.6,IL,825,22559,26.3,60622
150162990250841,66.2,87.8,1313 S SACRAMENTO DR ,0,22.4,68968,CHICAGO,0,School,7.2,0.2,9-12,9778,98.5,1.4,17.3,COLLINS ACADEMY HIGH SCHOOL,,,15120,0.9,6,1.4,0.9%,0,IL,409,22559,20,60623
150162990250846,55.9,47.7,1239 S PULASKI RD ,0,26.1,68968,CHICAGO,0,School,3.3,0,11-12,9778,80,0,57.4,COMMUNITY SERVICES WEST HIGH SCH,,,15120,0,1,3.3,,0,IL,125,22559,6.4,60623
150162990250543,62.8,75.7,821 E 103RD ST ,0,22,68968,CHICAGO,4.5,School,14.4,1.5,9-12,9778,94.6,1.8,27.6,CORLISS HIGH SCHOOL,,,15120,2.3,2,4.5,2.3%,4.5,IL,535,22559,31.6,60628
150162990250052,,,2245 W JACKSON BLVD ,,30.3,68968,CHICAGO,,School,,1.8,9-11,9778,89.4,,14,CRANE MEDICAL PREP HS,,,15120,19,1,,19%,,IL,330,22559,3.3,60612
150162990250008,80.6,62.5,3500 W DOUGLAS BLVD ,0,22,68968,CHICAGO,3,School,11.9,1.1,12,9778,93.7,3,13.2,CRANE TECHNICAL PREP HIGH SCHOOL,,,15120,,1,0,-,3,IL,95,22559,34.7,60623
150162990250617,84.5,87.4,4959 S ARCHER AVE ,7.7,24.9,68968,CHICAGO,22.9,School,44.5,9.6,9-12,9778,94.9,19.9,9.9,CURIE METROPOLITAN HIGH SCHOOL,,,15120,19.3,1,16.7,19.3%,16.3,IL,3128,22559,9.8,60632
150162990250832,100,100,3300 N Campbell Ave ,11.2,22.6,68968,CHICAGO,56.1,School,78.6,0.5,11-12,9778,77,31.6,1,DEVRY ADVANTAGE ACADEMY HIGH SCHL,,,15120,,2,37.8,-,31.6,IL,196,22559,2,60618
150162990250053,,,3900 N LAWNDALE AVE ,,30.1,68968,CHICAGO,,School,,2.9,7-11,9778,66.3,,1.9,DISNEY II MAGNET HS,,,15120,21.6,1,,21.6%,,IL,490,22559,9,60618
150162990250831,45.9,55.3,543 N WALLER AVE ,0,18,68968,CHICAGO,3.5,School,9.3,0.7,9-12,9778,95.8,1.2,43.8,DOUGLASS ACADEMY HIGH SCHOOL,,,15120,0,2,7,,4.7,IL,428,22559,36,60644
150162990250531,95,96.8,3000 S KING DR ,0.4,21.1,68968,CHICAGO,2.3,School,16.3,0.3,9-12,9778,99.1,0.8,28.9,DUNBAR VOCATIONAL CAREER ACAD HS,,,15120,2.1,2,3.8,2.1%,2.7,IL,987,22559,17.6,60616
150162990250798,58.1,77.8,615 W KEMPER PL ,0,11,68968,CHICAGO,3.1,School,3.1,0,12,9778,94.3,0,0,DYETT HIGH SCHOOL,,,15120,,3,6.3,-,3.1,IL,35,22559,45.7,60614
150162990250011,73.6,76.1,2345 S CHRISTIANA AVE ,1.2,22,68968,CHICAGO,7.5,School,25.7,25.9,"PK,9-12",9778,98.8,10.3,15,FARRAGUT CAREER ACADEMY HS,,,15120,7.6,2,6.3,7.6%,3.6,IL,1119,22559,23.2,60623
150162990250012,54.3,62.3,11220 S WALLACE ST ,0,20.7,68968,CHICAGO,3.7,School,15.7,0.4,9-12,9778,97,0,42,FENGER ACADEMY HIGH SCHOOL,,,15120,1,1,2.8,1%,3.7,IL,498,22559,30.3,60628
150162990250013,64,84.3,3235 N LECLAIRE AVE ,1.5,21.6,68968,CHICAGO,10.6,School,23,21.1,9-12,9778,96.2,9.9,32.6,FOREMAN HIGH SCHOOL,,,15120,4.2,2,5.5,4.2%,7.3,IL,1381,22559,21.6,60641
150162990250015,57.5,70.3,5630 S ROCKWELL ST ,1.8,22.2,68968,CHICAGO,4.9,School,20.7,15.3,9-12,9778,97.9,3.7,41.3,GAGE PARK HIGH SCHOOL,,,15120,5.8,3,6.1,5.8%,4.9,IL,659,22559,26.4,60629
150162990250861,,,7651 S Homan Ave ,,25.5,68968,Chicago,,School,,4.4,9-12,9778,88,,4.8,GOODE STEM ACADEMY HS,,,15120,,1,,-,,IL,643,22559,15.2,60652
150162990250779,86.4,92.3,4034 W 56TH ST ,7,27.1,68968,CHICAGO,17.6,School,41.4,12,9-12,9778,96.7,12.7,11.9,HANCOCK COLLEGE PREPARATORY HS,,,15120,10.9,3,16,10.9%,13.9,IL,947,22559,11.7,60629
150162990250016,58.2,73.9,9652 S MICHIGAN AVE ,0,22.4,68968,CHICAGO,9.4,School,30.9,0.1,7-12,9778,93.9,3.9,31.6,HARLAN COMMUNITY ACADEMY HS,,,15120,7.8,1,8.3,7.8%,5,IL,924,22559,25.2,60628
150162990250017,63,69.6,6520 S WOOD ST ,0,16.7,68968,CHICAGO,2.3,School,9,1.2,9-12,9778,98,0.8,32.8,HARPER HIGH SCHOOL,,,15120,3.2,4,3,3.2%,1.5,IL,502,22559,30.1,60636
150162990250019,40.9,43.5,7740 S INGLESIDE AVE ,1.2,19.7,68968,CHICAGO,1.2,School,12.3,0,9-12,9778,96.4,1.2,72.5,HIRSCH METROPOLITAN HIGH SCHOOL,,,15120,1.1,2,2.5,1.1%,3.7,IL,387,22559,38.8,60619
150162990250799,67.6,72.8,5515 S LOWE AVE ,0,18.4,68968,CHICAGO,1,School,14.3,0.3,9-12,9778,98.2,1,48.1,HOPE COLLEGE PREP HIGH SCHOOL,,,15120,0,1,2,,0,IL,339,22559,22.4,60621
150162990250020,84.7,88.2,6200 S HAMLIN AVE ,6.8,25.3,68968,CHICAGO,20.9,School,39.9,13.5,9-12,9778,97.6,25.3,11.8,HUBBARD HIGH SCHOOL,,,15120,5.4,2,11.7,5.4%,14.1,IL,1807,22559,13.2,60629
150162990250021,70.2,73.5,6220 S STONY ISLAND AVE ,0.5,29.3,68968,CHICAGO,5.4,School,22.1,0.6,9-12,9778,97,2.3,36.7,HYDE PARK ACADEMY HIGH SCHOOL,,,15120,1.8,2,6.3,1.8%,3.2,IL,1084,22559,18.3,60637
150162990250837,79.8,79.8,3120 S KOSTNER AVE ,8.2,18,68968,CHICAGO,27.3,School,40.9,12.5,9-12,9778,96.6,30,3.9,INFINITY MATH SCIENCE & TECH HS,,,15120,9.4,3,13.6,9.4%,15.5,IL,505,22559,17,60623
150162990250533,98,98.6,700 S State St ,77.1,25.6,68968,Chicago,97.6,School,100,0.6,9-12,9778,44.9,89.3,1.8,JONES COLLEGE PREP HIGH SCHOOL,,,15120,79.7,1,92.7,79.7%,84.4,IL,1381,22559,6.1,60605
150162990250767,80.9,90.4,2150 S LAFLIN ST ,3,20.8,68968,CHICAGO,10.9,School,33,15,9-12,9778,96.6,8.6,10.2,JUAREZ COMMUNITY ACADEMY HS,,,15120,21,1,9.4,21%,6.6,IL,1701,22559,15.9,60608
150162990250763,85,85.3,10330 S ELIZABETH ST ,0.4,21.4,68968,CHICAGO,4.5,School,21.5,0.1,9-12,9778,95.3,1.2,19.7,JULIAN HIGH SCHOOL,,,15120,2.1,1,5.4,2.1%,2.1,IL,892,22559,20.3,60643
150162990250022,78.6,91.8,4136 S CALIFORNIA AVE ,2.3,24.8,68968,CHICAGO,15.9,School,39.2,21.3,9-12,9778,96.9,17.7,35.7,KELLY HIGH SCHOOL,,,15120,7.2,2,8.7,7.2%,8.1,IL,2300,22559,15.7,60632
150162990250023,64.8,71.3,4343 W WRIGHTWOOD AVE ,2.4,21.2,68968,CHICAGO,8.3,School,28.9,22.6,7-12,9778,95.7,3.6,25.3,KELVYN PARK HIGH SCHOOL,,,15120,5.2,3,9.9,5.2%,7.5,IL,959,22559,21,60639
150162990250024,67.6,71.9,6325 W 56TH ST ,10.1,25.4,68968,CHICAGO,32.2,School,57,5.4,9-12,9778,85.4,25.4,12.9,KENNEDY HIGH SCHOOL,,,15120,15.8,1,25.4,15.8%,17.3,IL,1599,22559,17.6,60638
150162990250025,86.6,93.3,5015 S BLACKSTONE AVE ,15,26.9,68968,CHICAGO,42.3,School,60.6,1,7-12,9778,73.8,31,11,KENWOOD ACADEMY HIGH SCHOOL,,,15120,32.6,3,32.5,32.6%,26.8,IL,1792,22559,8.3,60615
150162990250039,95.1,98.4,4445 S DREXEL BLVD ,10.5,23.4,68968,CHICAGO,48.7,School,79.6,0.1,9-12,9778,80.6,27.7,4.4,KING COLLEGE PREP HIGH SCHOOL,,,15120,11.9,3,40.8,11.9%,25.7,IL,697,22559,3,60653
150162990250026,88.7,96.1,4015 N ASHLAND AVE ,5.7,23.1,68968,CHICAGO,25.3,School,52,3.9,9-12,9778,88.7,23.3,5.6,LAKE VIEW HIGH SCHOOL,,,15120,15.7,4,17.6,15.7%,19.3,IL,1349,22559,13.4,60613
150162990250027,96.3,97.3,2501 W ADDISON ST ,48.9,27.5,68968,CHICAGO,89.2,School,95.7,0.1,7-12,9778,59.4,77.7,1.6,LANE TECHNICAL HIGH SCHOOL,,,15120,77.1,3,73.4,77.1%,64.9,IL,3995,22559,3,60618
150162990250047,89.9,90.7,2001 N ORCHARD ST ,34.4,27.7,68968,CHICAGO,65.1,School,79.9,1.8,9-12,9778,59.9,54.9,7.9,LINCOLN PARK HIGH SCHOOL,,,15120,47.3,2,55.2,47.3%,46.9,IL,2292,22559,7.4,60614
150162990250833,97.2,100,6130 S WOLCOTT AVE ,27.7,20.9,68968,CHICAGO,81.5,School,94.6,0.1,7-12,9778,67.2,60.9,2.1,LINDBLOM MATH & SCIENCE ACAD HS,,,15120,32.1,1,63.6,32.1%,53.3,IL,1129,22559,1.4,60636
150162990250616,43.6,50.3,2935 W POLK ST ,0.9,21,68968,CHICAGO,2.8,School,15.7,0.5,9-12,9778,93,1.9,49.1,MANLEY CAREER ACADEMY HIGH SCHOOL,,,15120,2.6,3,1.9,2.6%,1.9,IL,616,22559,31,60612
150162990250029,59,64.6,3250 W ADAMS ST ,0.5,16.6,68968,CHICAGO,2.6,School,19.6,0.1,9-12,9778,91.3,2.1,57.5,MARSHALL METROPOLITAN HIGH SCHOOL,,,15120,0.6,3,3.7,0.6%,1.1,IL,736,22559,32.9,60624
150162990250030,77.5,85.8,5835 N LINCOLN AVE ,4.6,24.8,68968,CHICAGO,17.3,School,31.2,20.8,9-12,9778,90.2,16,16.3,MATHER HIGH SCHOOL,,,15120,14.7,1,15,14.7%,11.2,IL,1716,22559,15.2,60659
150162990250031,78.5,88.4,1744 W PRYOR AVE ,6.1,23.8,68968,CHICAGO,21.6,School,46.4,0.3,7-12,9778,85.2,14.4,11.6,MORGAN PARK HIGH SCHOOL,,,15120,18.4,3,19.8,18.4%,14.7,IL,1519,22559,15.3,60643
150162990250836,85.3,89.7,3120 S KOSTNER AVE ,0,14.1,68968,CHICAGO,1.4,School,17.6,28.6,9-12,9778,98.1,1.4,14.4,MULTICULTURAL ACAD OF SCHOLARSHP HS,,,15120,6.1,2,5.4,6.1%,2.7,IL,266,22559,19.9,60623
150162990250825,86,85.6,4338 W WABANSIA AVE ,2.4,26.2,68968,CHICAGO,10.7,School,29.1,21.2,9-12,9778,97.8,10.2,13.7,NORTH-GRAND HIGH SCHOOL,,,15120,2.8,2,8.7,2.8%,6.3,IL,924,22559,15.2,60639
150162990250794,99.6,99.2,5501 N KEDZIE AVE ,88.6,25.8,68968,CHICAGO,99.2,School,100,0,9-12,9778,41.7,96.2,1.6,NORTHSIDE COLLEGE PREPARATORY HS,,,15120,93,3,96.2,93%,93.2,IL,1028,22559,5,60625
150162990250855,92.4,91.8,1250 W ERIE ST ,9.5,24.5,68968,CHICAGO,27,School,58.7,5.2,6-12,9778,51,15.1,8.4,OGDEN INT HIGH SCHOOL,,,15120,41.4,3,23,41.4%,16.7,IL,737,22559,9.6,60642
150162990250847,40,53,730 N PULASKI RD ,1.5,24.6,68968,CHICAGO,5.2,School,14.8,5.2,9-12,9778,95.8,5.2,52,ORR ACADEMY HIGH SCHOOL,,,15120,1.2,2,3.7,1.2%,3.7,IL,763,22559,29.9,60624
150162990250796,93.4,97.8,1034 N WELLS ST ,86,24.4,68968,CHICAGO,97.9,School,98.7,0.1,9-12,9778,33.6,94.9,1.6,PAYTON COLLEGE PREPARATORY HS,,,15120,91.8,2,92.8,91.8%,92.8,IL,874,22559,3.7,60610
150162990250034,63.4,62,244 E PERSHING RD ,1.5,23.6,68968,CHICAGO,3,School,12,1.4,9-12,9778,95.4,1.5,68.1,PHILLIPS ACADEMY HIGH SCHOOL,,,15120,1.8,3,6,1.8%,2.3,IL,785,22559,25.6,60653
150162990250803,100,98.1,145 S CAMPBELL AVE ,4.3,27.9,68968,CHICAGO,32.6,School,64.1,3.4,9-12,9778,95.2,22.8,6,PHOENIX MILITARY ACADEMY HS,,,15120,30.4,1,23.9,30.4%,16.3,IL,501,22559,9.8,60612
150162990250534,93.4,96.9,2148 N LONG AVE ,5.7,24.2,68968,CHICAGO,28.8,School,55.7,3.4,9-12,9778,95.2,24.1,3.7,PROSSER CAREER ACADEMY HS,,,15120,19.1,2,16.1,19.1%,19,IL,1451,22559,8.5,60639
150162990250826,94,88.9,3545 W FULTON BLVD ,0,19.8,68968,CHICAGO,1.9,School,7.5,0.4,9-12,9778,98.9,0.9,10.1,RABY HIGH SCHOOL,,,15120,0.4,2,0.9,0.4%,0,IL,451,22559,19.3,60624
150162990250536,69,68.6,5009 S LAFLIN ST ,0,19.5,68968,CHICAGO,2,School,13.1,17.6,9-12,9778,98.6,3,51.6,RICHARDS CAREER ACADEMY HS,,,15120,0,4,2,,3,IL,432,22559,28.7,60609
150162990250828,90.5,97.4,5900 N GLENWOOD AVE ,5.2,23.2,68968,CHICAGO,24,School,65.6,2.9,9-12,9778,86.8,15.6,5.3,RICKOVER NAVAL ACADEMY HIGH SCHL,,,15120,19.8,1,32.3,19.8%,14.6,IL,552,22559,8.2,60660
150162990250766,41.1,58.7,6835 S NORMAL BLVD ,0,19.4,68968,CHICAGO,0,School,17.9,0,9-12,9778,97.9,0.9,72.3,ROBESON HIGH SCHOOL,,,15120,0,2,0.9,,1.8,IL,569,22559,30.9,60621
150162990250035,74.8,79.1,3436 W WILSON AVE ,1.2,24.9,68968,CHICAGO,7.6,School,23.5,24.3,9-12,9778,96.5,5.8,19,ROOSEVELT HIGH SCHOOL,,,15120,5.6,4,8,5.6%,3.4,IL,1445,22559,21,60625
150162990250835,84.1,92.5,3120 S KOSTNER AVE ,0,19.9,68968,CHICAGO,9.7,School,31.2,18.1,9-12,9778,97.5,4.3,15.1,SCHOOL OF SOCIAL JUSTICE HS,,,15120,5.2,2,7.5,5.2%,5.4,IL,326,22559,15,60623
150162990250036,76.5,80.2,3601 N MILWAUKEE AVE ,2.3,24.1,68968,CHICAGO,10.5,School,31.9,17.3,9-12,9778,93.5,8.4,19.5,SCHURZ HIGH SCHOOL,,,15120,6.9,2,9.7,6.9%,5.6,IL,2510,22559,20.6,60641
150162990250037,71,75.9,5900 N GLENWOOD AVE ,9.5,24,68968,CHICAGO,28.2,School,51.2,14.9,9-12,9778,88.6,25,13.6,SENN HIGH SCHOOL,,,15120,36.2,1,22.2,36.2%,18.7,IL,1403,22559,18,60660
150162990250537,95.1,93.5,8147 S VINCENNES AVE ,0.6,26.3,68968,CHICAGO,11.6,School,41.3,0,9-12,9778,93.1,8.4,7.3,SIMEON CAREER ACADEMY HIGH SCHOOL,,,15120,7,1,11.3,7%,4.8,IL,1369,22559,6,60620
150162990250859,81.3,86.8,5400 S St Louis Ave ,4,22.5,68968,Chicago,16.7,School,32.3,11.7,9-12,9778,97.1,21.9,11,SOLORIO ACADEMY HIGH SCHOOL,,,15120,27.6,1,6.4,27.6%,12.7,IL,1112,22559,11.9,60632
150162990250860,85.6,17.6,1955 E 75TH ST ,1.2,22.8,68968,CHICAGO,5.5,School,36.2,0.3,9-12,9778,88.8,2.4,6,SOUTH SHORE INTL COL PREP HS,,,15120,18.1,2,6.3,18.1%,4.3,IL,687,22559,10.5,60649
150162990250818,90.6,89.8,2400 S MARSHALL BLVD ,0,19,68968,CHICAGO,13.8,School,41.4,22.9,9-12,9778,98.3,13.8,18.9,SPRY COMMUNITY LINKS HIGH SCHOOL,,,15120,8.2,1,6.9,8.2%,5.2,IL,179,22559,15.6,60623
150162990250041,75.8,85.1,3030 N MOBILE AVE ,5.1,23.1,68968,CHICAGO,15.5,School,28.2,15.3,9-12,9778,93,12.2,21.8,STEINMETZ COLLEGE PREP HS,,,15120,7.5,2,13.2,7.5%,12.5,IL,1865,22559,19.8,60634
150162990250042,66.7,71.7,6631 N BOSWORTH AVE ,3.1,20.4,68968,CHICAGO,9.9,School,25.3,28.1,9-12,9778,94.8,10.5,30.6,SULLIVAN HIGH SCHOOL,,,15120,5.3,3,8,5.3%,6.2,IL,659,22559,29.3,60626
150162990250043,83.6,89.2,6530 W BRYN MAWR AVE ,10.5,24.7,68968,CHICAGO,37.1,School,62,7.2,7-12,9778,62.5,26.4,10.4,TAFT HIGH SCHOOL,,,15120,39.2,4,29.1,39.2%,22.6,IL,3342,22559,14.8,60631
150162990250843,90.9,92.7,6201 S STEWART AVE ,0,19.6,68968,CHICAGO,2.2,School,18,0,9-12,9778,95.8,0,36.3,TEAM ENGLEWOOD COMM ACAD HS,,,15120,0,4,3.4,,1.1,IL,360,22559,20,60621
150162990250044,60.1,72,4747 S UNION AVE ,0,17.2,68968,CHICAGO,4.6,School,11.9,8.4,9-12,9778,96.7,1.8,32,TILDEN CAREER COMMUNTY ACADEMY HS,,,15120,4.1,5,3.7,4.1%,2.8,IL,429,22559,39.6,60609
150162990250829,89.3,97.1,900 W WILSON AVE ,1.3,26.2,68968,CHICAGO,10.3,School,41,2.4,9-12,9778,95.6,3.8,15.3,UPLIFT COMMUNITY HIGH SCHOOL,,,15120,2.3,1,11.5,2.3%,7.7,IL,293,22559,18.1,60640
150162990250844,96.7,94.9,231 N PINE AVE ,0,14.7,68968,CHICAGO,2.6,School,15.4,2,9-12,9778,98.4,2.6,21.4,VOISE ACADEMY HIGH SCHOOL,,,15120,1.9,1,2.6,1.9%,3.8,IL,251,22559,19.9,60644
150162990250046,93.8,99,5039 N KIMBALL AVE ,9.6,25.9,68968,CHICAGO,37.5,School,65.6,1.7,9-12,9778,79.3,32.2,3.7,VON STEUBEN METRO SCIENCE HS,,,15120,29.2,3,28.8,29.2%,21.4,IL,1664,22559,7.2,60625
150162990250048,75.6,85.5,3535 E 114TH ST ,4.3,22.3,68968,CHICAGO,13.8,School,37.8,8.6,9-12,9778,92.8,10,10,WASHINGTON G HIGH SCHOOL,,,15120,1.8,2,13.8,1.8%,10.9,IL,1494,22559,14.3,60617
150162990250049,65.1,67.4,936 N ASHLAND AVE ,0.9,20.6,68968,CHICAGO,8,School,20.4,10.2,9-12,9778,94.8,4.4,25.9,WELLS COMMUNITY ACADEMY HS,,,15120,1.9,4,5.3,1.9%,4.4,IL,617,22559,27.7,60622
150162990250857,95.1,97.4,3223 W FRANKLIN BLVD ,19.1,26.6,68968,CHICAGO,52,School,73.6,0.7,9-12,9778,84,41.9,4.2,WESTINGHOUSE HIGH SCHOOL,,,15120,30.3,2,39,30.3%,35,IL,1078,22559,2.6,60624
150162990250856,98.7,100,4934 S Wabash Ave ,2.5,21.3,68968,Chicago,14.8,School,49.4,0.7,9-12,9778,95.9,9.9,6,WILLIAMS MEDICAL PREP HIGH SCH,,,15120,3,1,9.9,3%,11.1,IL,290,22559,7.6,60615
150162990250830,90.3,96.2,3120 S KOSTNER AVE ,0,16.9,68968,CHICAGO,17.6,School,47.3,19,9-12,9778,99.7,5.4,14.1,WORLD LANGUAGE HIGH SCHOOL,,,15120,1.5,2,8.1,1.5%,2.7,IL,343,22559,13.7,60623
150162990250764,98.7,97.8,211 S LAFLIN ST ,77.7,27.3,68968,CHICAGO,94.3,School,97.3,0.2,7-12,9778,41.1,88.1,2.3,YOUNG MAGNET HIGH SCHOOL,,,15120,85,1,88.5,85%,84.4,IL,2110,22559,2.7,60607
150162990252051,,,10810 S AVENUE H ,,29.8,68968,CHICAGO,,School,,25.3,PK-8,9778,90.8,,13.9,ADDAMS ELEM SCHOOL,,,15120,30.3,2,,30.3%,,IL,878,22559,10.5,60617
150162990252052,,,2851 N SEMINARY AVE ,,25.7,68968,CHICAGO,,School,,7.1,PK-8,9778,49.4,,10.9,AGASSIZ ELEM SCHOOL,,,15120,39.4,1,,39.4%,,IL,478,22559,21.1,60657
150162990252850,,,4929 N SAWYER AVE ,,27.8,68968,CHICAGO,,School,,17.9,7-8,9778,98.2,,6.9,ALBANY PARK MULTICULTURAL ELEM,,,15120,29.5,2,,29.5%,,IL,273,22559,13.2,60625
150162990252053,,,2625 N ORCHARD ST ,,26.6,68968,CHICAGO,,School,,6.7,PK-8,9778,17.8,,8.8,ALCOTT ELEM SCHOOL,,,15120,68.3,1,,68.3%,,IL,566,22559,11,60614
150162990252054,,,630 E 131ST ST ,,21.9,68968,CHICAGO,,School,,0,PK-8,9778,96.2,,62.4,ALDRIDGE ELEM SCHOOL,,,15120,4.7,2,,4.7%,,IL,213,22559,10.3,60827
150162990252895,,,1119 E 46TH ST ,,26.5,68968,CHICAGO,,School,,0.2,PK-8,9778,83.6,,6.9,ARIEL ELEM COMMUNITY ACADEMY,,,15120,24.2,1,,24.2%,,IL,538,22559,9.9,60653
150162990252058,,,950 W 33RD PL ,,22.5,68968,CHICAGO,,School,,30.9,PK-8,9778,96.1,,18.2,ARMOUR ELEM SCHOOL,,,15120,20.8,1,,20.8%,,IL,307,22559,16.3,60608
150162990252059,,,2110 W GREENLEAF AVE ,,28.5,68968,CHICAGO,,School,,28.8,PK-8,9778,93.3,,16.1,ARMSTRONG G ELEM INTL STUDIES,,,15120,32.2,2,,32.2%,,IL,1467,22559,13.5,60645
150162990252922,,,8300 S SAINT LOUIS AVE ,,21.5,68968,CHICAGO,,School,,4.5,PK-8,9778,89,,13.7,ASHBURN COMMUNITY ELEM SCHOOL,,,15120,17.2,1,,17.2%,,IL,418,22559,10.5,60652
150162990252437,,,8505 S INGLESIDE AVE ,,22.2,68968,CHICAGO,,School,,0.3,K-8,9778,97.8,,56.2,ASHE ELEM SCHOOL,,,15120,11.1,1,,11.1%,,IL,367,22559,15.5,60619
150162990252061,,,1423 W BRYN MAWR AVE ,,17.5,68968,CHICAGO,,School,,0,2-8,9778,99.2,,26.3,ATTUCKS ELEM SCHOOL,,,15120,3.9,4,,3.9%,,IL,133,22559,18.8,60660
150162990252062,,,3500 N HOYNE AVE ,,26.6,68968,CHICAGO,,School,,6.6,PK-8,9778,26.6,,9.2,AUDUBON ELEM SCHOOL,,,15120,45.4,2,,45.4%,,IL,579,22559,10.5,60618
150162990252063,,,8045 S KENWOOD AVE ,,25.1,68968,CHICAGO,,School,,0.3,PK-8,9778,94.8,,43.3,AVALON PARK ELEM SCHOOL,,,15120,10.2,3,,10.2%,,IL,344,22559,16.3,60619
150162990252966,,,4707 W MARQUETTE RD ,,30.9,68968,CHICAGO,,School,,27.3,PK-8,9778,92.6,,10.2,AZUELA ELEM SCHOOL,,,15120,31.4,1,,31.4%,,IL,975,22559,10.8,60629
150162990252066,,,10354 S CHARLES ST ,,29.3,68968,CHICAGO,,School,,0,PK-8,9778,83.8,,20.8,BARNARD ELEM COMP MATH & SCI CTR,,,15120,16,2,,16%,,IL,303,22559,14.9,60643
150162990252067,,,2828 N KILBOURN AVE ,,25.8,68968,CHICAGO,,School,,41.9,PK-6,9778,97.4,,15.6,BARRY ELEM SCHOOL,,,15120,15.2,3,,15.2%,,IL,842,22559,14.5,60641
150162990252068,,,7650 S WOLCOTT AVE ,,22.6,68968,CHICAGO,,School,,0,PK-8,9778,92.7,,34.5,BARTON ELEM SCHOOL,,,15120,5,3,,5%,,IL,523,22559,13.4,60620
150162990252069,,,1140 W 66TH ST ,,26.5,68968,CHICAGO,,School,,0.4,PK-8,9778,98.7,,36.6,BASS ELEM SCHOOL,,,15120,5.1,2,,5.1%,,IL,521,22559,12.9,60621
150162990252070,,,4220 N RICHMOND ST ,,27,68968,CHICAGO,,School,,37.1,PK-8,9778,90.9,,10.5,BATEMAN ELEM SCHOOL,,,15120,22.9,3,,22.9%,,IL,1013,22559,13.1,60618
150162990252800,,,5255 S STATE ST ,,26.3,68968,CHICAGO,,School,,0.4,PK-8,9778,85,,4.4,BEASLEY ELEM MAGNET ACADEMIC CTR,,,15120,28.7,2,,28.7%,,IL,1409,22559,5.6,60609
150162990252078,,,5025 N LARAMIE AVE ,,29,68968,CHICAGO,,School,,15.6,PK-8,9778,56.1,,9.7,BEAUBIEN ELEM SCHOOL,,,15120,55.6,2,,55.6%,,IL,1129,22559,8.9,60630
150162990252079,,,25 W 47TH ST ,,23.1,68968,CHICAGO,,School,,0.8,PK-8,9778,97.6,,30.7,BEETHOVEN ELEM SCHOOL,,,15120,14.7,2,,14.7%,,IL,378,22559,18.5,60609
150162990252080,,,3151 W WALNUT ST ,,22.2,68968,CHICAGO,,School,,0.2,PK-8,9778,94.6,,34.4,BEIDLER ELEM SCHOOL,,,15120,22.6,2,,22.6%,,IL,500,22559,16,60612
150162990252081,,,4257 N TRIPP AVE ,,25.4,68968,CHICAGO,,School,,21.7,PK-8,9778,73.2,,21.3,BELDING ELEM SCHOOL,,,15120,38.1,2,,38.1%,,IL,628,22559,15.3,60641
150162990252082,,,3730 N OAKLEY AVE ,,27.3,68968,CHICAGO,,School,,3.1,K-8,9778,17.3,,6.3,BELL ELEM SCHOOL,,,15120,68.7,2,,68.7%,,IL,989,22559,8.5,60618
150162990252923,,,5252 W PALMER ST ,,28.6,68968,CHICAGO,,School,,69.6,PK-8,9778,96.9,,13.3,BELMONT-CRAGIN ELEM SCHOOL,,,15120,13.5,2,,13.5%,,IL,578,22559,13.5,60639
150162990252083,,,10115 S PRAIRIE AVE ,,19.6,68968,CHICAGO,,School,,0.3,PK-8,9778,97.1,,22.3,BENNETT ELEM SCHOOL,,,15120,10.6,4,,10.6%,,IL,382,22559,13.1,60628
150162990252086,,,9101 S EUCLID AVE ,,27.8,68968,CHICAGO,,School,,0.6,K-8,9778,88.2,,5.8,BLACK MAGNET ELEM SCHOOL,,,15120,14.9,2,,14.9%,,IL,467,22559,7.1,60617
150162990252087,,,1420 W GRACE ST ,,27.2,68968,CHICAGO,,School,,7.8,PK-8,9778,22,,14.7,BLAINE ELEM SCHOOL,,,15120,80.9,2,,80.9%,,IL,895,22559,10.7,60613
150162990252088,,,7050 S MAY ST ,,24.9,68968,CHICAGO,,School,,0,PK-8,9778,99.4,,46.5,BOND ELEM SCHOOL,,,15120,2,3,,2%,,IL,335,22559,18.8,60621
150162990252089,,,6710 N Washtenaw Ave ,,28.6,68968,Chicago,,School,,44.4,PK-8,9778,93.6,,19.5,BOONE ELEM SCHOOL,,,15120,32.2,2,,32.2%,,IL,825,22559,13.7,60645
150162990252100,,,7355 S JEFFERY BLVD ,,26.3,68968,CHICAGO,,School,,1.3,PK-8,9778,99.1,,33.9,BOUCHET ELEM MATH & SCIENCE ACAD,,,15120,18.7,2,,18.7%,,IL,669,22559,16.7,60649
150162990252090,,,7736 S BURNHAM AVE ,,28.6,68968,CHICAGO,,School,,0.5,PK-8,9778,99.2,,60.4,BRADWELL COMM ARTS & SCI ELEM SCH,,,15120,9.5,4,,9.5%,,IL,740,22559,15.4,60649
150162990252093,,,4251 N CLARENDON AVE ,,22.5,68968,CHICAGO,,School,,31.6,PK-8,9778,95.8,,24.4,BRENNEMANN ELEM SCHOOL,,,15120,35.7,1,,35.7%,,IL,475,22559,20.6,60613
150162990252094,,,2723 N FAIRFIELD AVE ,,20.4,68968,CHICAGO,,School,,37.1,PK-8,9778,89.8,,18.9,BRENTANO ELEM MATH & SCIENCE ACAD,,,15120,21,2,,21%,,IL,423,22559,17.7,60647
150162990252095,,,3800 N NEW ENGLAND AVE ,,28.2,68968,CHICAGO,,School,,29.6,PK-8,9778,78.8,,11.4,BRIDGE ELEM SCHOOL,,,15120,40.1,1,,40.1%,,IL,1070,22559,15,60634
150162990252096,,,10740 S CALHOUN AVE ,,27.8,68968,CHICAGO,,School,,12.1,PK-8,9778,98.9,,31.3,BRIGHT ELEM SCHOOL,,,15120,12.1,2,,12.1%,,IL,281,22559,24.2,60617
150162990252870,,,3825 S WASHTENAW AVE ,,24.4,68968,CHICAGO,,School,,41.4,PK-8,9778,98.7,,16,BRIGHTON PARK ELEM SCHOOL,,,15120,12.9,2,,12.9%,,IL,527,22559,9.5,60632
150162990252367,,,12607 S UNION AVE ,,31.4,68968,CHICAGO,,School,,0,PK-8,9778,96.5,,28.9,BROWN R ELEM COMMUNITY ACAD,,,15120,27,2,,27%,,IL,312,22559,15.7,60628
150162990252097,,,54 N HERMITAGE AVE ,,17,68968,CHICAGO,,School,,0.5,PK-8,9778,98.6,,28.5,BROWN W ELEM SCHOOL,,,15120,8.2,1,,8.2%,,IL,222,22559,25.2,60612
150162990252098,,,6741 S MICHIGAN AVE ,,21,68968,CHICAGO,,School,,0,PK-6,9778,100,,30.2,BROWNELL ELEM SCHOOL,,,15120,21.9,1,,21.9%,,IL,255,22559,15.3,60637
150162990252110,,,932 N CENTRAL AVE ,,23.9,68968,CHICAGO,,School,,3,PK-8,9778,98.9,,24.1,BRUNSON MATH & SCI SPECIALTY ELEM,,,15120,4.8,2,,4.8%,,IL,629,22559,13.4,60651
150162990252101,,,2701 W FOSTER AVE ,,25.1,68968,CHICAGO,,School,,46.5,PK-8,9778,88.3,,13.5,BUDLONG ELEM SCHOOL,,,15120,32.5,2,,32.5%,,IL,861,22559,12.5,60625
150162990252102,,,2035 N MOBILE AVE ,,27.2,68968,CHICAGO,,School,,49.8,PK-8,9778,97.1,,14.2,BURBANK ELEM SCHOOL,,,15120,18.7,1,,18.7%,,IL,971,22559,11,60639
150162990252103,,,5356 S KING DR ,,26.4,68968,CHICAGO,,School,,0.4,PK-8,9778,96.9,,54.5,BURKE ELEM SCHOOL,,,15120,6,3,,6%,,IL,453,22559,19,60615
150162990252104,,,1630 W BARRY AVE ,,26,68968,CHICAGO,,School,,3.9,PK-8,9778,23,,7.4,BURLEY ELEM SCHOOL,,,15120,66.7,2,,66.7%,,IL,517,22559,17,60657
150162990252105,,,9928 S CRANDON AVE ,,23.3,68968,CHICAGO,,School,,1.4,PK-8,9778,96.1,,32.7,BURNHAM ELEM INCLUSIVE ACADEMY,,,15120,16.7,1,,16.7%,,IL,570,22559,13.5,60617
150162990252107,,,650 E 91ST PL ,,21.6,68968,CHICAGO,,School,,0.2,PK-8,9778,89,,6.4,BURNSIDE ELEM SCHOLASTIC ACADEMY,,,15120,26.8,2,,26.8%,,IL,564,22559,7.4,60619
150162990252108,,,1621 W WABANSIA AVE ,,27.9,68968,CHICAGO,,School,,12.8,PK-8,9778,53.3,,9.1,BURR ELEM SCHOOL,,,15120,37,2,,37%,,IL,398,22559,11.3,60622
150162990252109,,,3542 S WASHTENAW AVE ,,23.5,68968,CHICAGO,,School,,36.5,PK-8,9778,96.3,,12.5,BURROUGHS ELEM SCHOOL,,,15120,38.9,1,,38.9%,,IL,482,22559,12.9,60632
150162990252112,,,5329 S OAK PARK AVE ,,28.3,68968,CHICAGO,,School,,7.5,K-8,9778,64,,9.1,BYRNE ELEM SCHOOL,,,15120,28.8,2,,28.8%,,IL,628,22559,16.7,60638
150162990252113,,,8546 S CREGIER AVE ,,23.6,68968,CHICAGO,,School,,2,PK-8,9778,93.7,,34.9,CALDWELL ELEM ACAD OF MATH & SCI,,,15120,8.9,2,,8.9%,,IL,301,22559,17.3,60617
150162990252934,,,3456 W 38Th St ,,28.1,68968,Chicago,,School,,55.5,PK-8,9778,97,,8.2,CALMECA ACAD ELEM SCHOOL,,,15120,17.1,1,,17.1%,,IL,809,22559,15.2,60632
150162990252118,,,1234 N MONTICELLO AVE ,,24.2,68968,CHICAGO,,School,,27,PK-8,9778,99.3,,26.9,CAMERON ELEM SCHOOL,,,15120,14.4,2,,14.4%,,IL,869,22559,16.5,60651
150162990252963,,,3000 N MANGO AVE ,,27.8,68968,CHICAGO,,School,,39,PK-8,9778,94.1,,16.1,CAMRAS ELEM SCHOOL,,,15120,25.3,1,,25.3%,,IL,1004,22559,11.9,60634
150162990252119,,,3740 N PANAMA AVE ,,27.4,68968,CHICAGO,,School,,16.9,PK-8,9778,58.2,,11.1,CANTY ELEM SCHOOL,,,15120,57.1,1,,57.1%,,IL,801,22559,13.2,60634
150162990252783,,,2345 S MILLARD AVE ,,27,68968,CHICAGO,,School,,49.6,PK-3,9778,98.7,,16.2,CARDENAS ELEM SCHOOL,,,15120,44.5,1,,44.5%,,IL,707,22559,14,60623
150162990252120,,,1414 E 61ST PL ,,26.4,68968,CHICAGO,,School,,0.2,PK-8,9778,87.5,,10.5,CARNEGIE ELEM SCHOOL,,,15120,29,2,,29%,,IL,616,22559,10.7,60637
150162990252122,,,2929 W 83RD ST ,,26.1,68968,CHICAGO,,School,,0.8,PK-8,9778,91.1,,31,CARROLL ELEM SCHOOL,,,15120,16.6,1,,16.6%,,IL,505,22559,19.4,60652
150162990252876,,,5516 S MAPLEWOOD AVE ,,26,68968,CHICAGO,,School,,52.8,PK-8,9778,99.1,,12.2,CARSON ELEM SCHOOL,,,15120,25.7,1,,25.7%,,IL,1164,22559,9.1,60629
150162990252123,,,5740 S MICHIGAN AVE ,,20.3,68968,CHICAGO,,School,,0,PK-8,9778,98.9,,39.8,CARTER ELEM SCHOOL,,,15120,13.7,4,,13.7%,,IL,446,22559,13.5,60637
150162990252372,,,901 E 133RD PL ,,21.3,68968,CHICAGO,,School,,0.2,PK-8,9778,99.1,,29.8,CARVER PRIMARY SCHOOL,,,15120,13,1,,13%,,IL,449,22559,13.6,60827
150162990252862,,,3501 W POTOMAC AVE ,,24.5,68968,CHICAGO,,School,,18.8,PK-8,9778,98,,23.1,CASALS ELEM SCHOOL,,,15120,24.1,3,,24.1%,,IL,499,22559,16.8,60651
150162990252126,,,11314 S SPAULDING AVE ,,26.6,68968,CHICAGO,,School,,3.8,K-8,9778,30.1,,11.8,CASSELL ELEM SCHOOL,,,15120,31.3,1,,31.3%,,IL,396,22559,20.7,60655
150162990252106,,,2524 S CENTRAL PARK AVE ,,28.8,68968,CHICAGO,,School,,26.5,4-8,9778,99,,13,CASTELLANOS ELEM SCHOOL,,,15120,20.3,2,,20.3%,,IL,584,22559,16.6,60623
150162990252127,,,2908 W WASHINGTON BLVD ,,23.7,68968,CHICAGO,,School,,0.3,PK-8,9778,98.7,,37.9,CATHER ELEM SCHOOL,,,15120,12.2,2,,12.2%,,IL,383,22559,19.1,60612
150162990252128,,,2745 W ROOSEVELT RD ,,17.9,68968,CHICAGO,,School,,0.6,PK-8,9778,99.4,,45.2,CHALMERS ELEM SPECIALTY SCHOOL,,,15120,5.3,3,,5.3%,,IL,360,22559,15,60608
150162990252129,,,2135 W FOSTER AVE ,,23,68968,CHICAGO,,School,,34.3,PK-8,9778,85,,13.6,CHAPPELL ELEM SCHOOL,,,15120,35.9,1,,35.9%,,IL,540,22559,18.1,60625
150162990252130,,,2021 N POINT ST ,,22.2,68968,CHICAGO,,School,,43.1,PK-8,9778,97.8,,11.2,CHASE ELEM SCHOOL,,,15120,22.8,2,,22.8%,,IL,462,22559,19.5,60647
150162990252886,,,4747 S MARSHFIELD AVE ,,28.9,68968,CHICAGO,,School,,50.4,PK-8,9778,99.1,,11.2,CHAVEZ ELEM MULTICULTURAL ACAD CT,,,15120,30,1,,30%,,IL,934,22559,9.7,60609
150162990252920,,,3400 N AUSTIN AVE ,,28.7,68968,CHICAGO,,School,,28.2,PK-8,9778,79.3,,1.1,CHICAGO ACADEMY ELEM SCHOOL,,,15120,29.4,2,,29.4%,,IL,610,22559,15.6,60634
150162990252155,,,2450 W RICE ST ,,22.2,68968,CHICAGO,,School,,22.8,PK-8,9778,96.3,,21.4,CHOPIN ELEM SCHOOL,,,15120,16.4,3,,16.4%,,IL,514,22559,17.7,60622
150162990252904,,,5042 S ARTESIAN AVE ,,22.3,68968,CHICAGO,,School,,46.2,K-8,9778,96,,14.7,CHRISTOPHER ELEM SCHOOL,,,15120,12.4,2,,12.4%,,IL,223,22559,33.6,60632
150162990252936,,,2300 W 64TH ST ,,21.3,68968,CHICAGO,,School,,1.3,PK-8,9778,98.7,,37.3,CLAREMONT ACADEMY ELEM SCHOOL,,,15120,7,1,,7%,,IL,468,22559,15.6,60636
150162990252700,,,1045 S MONITOR AVE ,,21.1,68968,CHICAGO,,School,,15.8,PK-8,9778,94,,16,CLARK G R ELEM SCHOOL,,,15120,25.1,2,,25.1%,,IL,285,22559,15.4,60644
150162990252132,,,13231 S BURLEY AVE ,,25.1,68968,CHICAGO,,School,,29.7,PK-8,9778,96.7,,19.1,CLAY ELEM SCHOOL,,,15120,22,1,,22%,,IL,580,22559,12.1,60633
150162990252133,,,3121 W BYRON ST ,,23.3,68968,CHICAGO,,School,,42.1,PK-8,9778,92.7,,24.1,CLEVELAND ELEM SCHOOL,,,15120,34.1,1,,34.1%,,IL,644,22559,21.4,60618
150162990252134,,,6110 N FAIRFIELD AVE ,,28.3,68968,CHICAGO,,School,,46.1,PK-8,9778,90.2,,21.6,CLINTON ELEM SCHOOL,,,15120,33.6,1,,33.6%,,IL,1134,22559,8.6,60659
150162990252135,,,2350 W 110TH PL ,,18.1,68968,CHICAGO,,School,,0.9,K-8,9778,55.6,,7.2,CLISSOLD ELEM SCHOOL,,,15120,35,1,,35%,,IL,543,22559,12.9,60643
150162990252918,,,1441 W 119TH ST ,,26.5,68968,CHICAGO,,School,,4.8,PK-8,9778,89.3,,5.6,COLEMON J ELEM ACADEMY,,,15120,19.9,1,,19.9%,,IL,270,22559,15.2,60643
150162990252136,,,8441 S YATES BLVD ,,23.6,68968,CHICAGO,,School,,0.2,PK-8,9778,97.8,,36.6,COLES ELEM LANGUAGE ACADEMY,,,15120,13.7,1,,13.7%,,IL,547,22559,12.8,60617
150162990252919,,,4520 S KEDZIE AVE ,,32,68968,CHICAGO,,School,,41.7,PK-8,9778,98.4,,15.2,COLUMBIA EXPLORERS ELEM ACADEMY,,,15120,27.8,1,,27.8%,,IL,1081,22559,10.7,60632
150162990252138,,,1003 N LEAVITT ST ,,28.8,68968,CHICAGO,,School,,33.8,PK-8,9778,82.9,,14.9,COLUMBUS ELEM SCHOOL,,,15120,39.1,2,,39.1%,,IL,287,22559,7.7,60622
150162990252139,,,8150 S BISHOP ST ,,23.6,68968,CHICAGO,,School,,0.3,PK-8,9778,97.5,,36.4,COOK ELEM SCHOOL,,,15120,4.9,2,,4.9%,,IL,394,22559,18.3,60620
150162990252141,,,4046 N LEAVITT ST ,,28.5,68968,CHICAGO,,School,,8,K-8,9778,28.4,,4.2,COONLEY ELEM SCHOOL,,,15120,63.7,2,,63.7%,,IL,797,22559,9.5,60618
150162990252142,,,1624 W 19TH ST ,,23.7,68968,CHICAGO,,School,,60,PK-5,9778,98,,13.9,COOPER ELEM DUAL LANGUAGE ACADEMY,,,15120,19.8,1,,19.8%,,IL,563,22559,12.6,60608
150162990252145,,,2510 S KILDARE AVE ,,25.8,68968,CHICAGO,,School,,42.2,PK-8,9778,97.3,,26,CORKERY ELEM SCHOOL,,,15120,21.4,2,,21.4%,,IL,595,22559,14.6,60623
150162990252921,,,4420 N BEACON ST ,,20.8,68968,CHICAGO,,School,,17.5,PK-8,9778,89.2,,36.2,COURTENAY ELEM LANGUAGE ARTS CTR,,,15120,18,3,,18%,,IL,508,22559,24.2,60640
150162990252147,,,2128 S SAINT LOUIS AVE ,,17.9,68968,CHICAGO,,School,,1.3,PK-8,9778,97.7,,36.5,CROWN ELEM COMM ACD FINE ARTS CTR,,,15120,6.9,1,,6.9%,,IL,307,22559,20.8,60623
150162990252617,,,8324 S RACINE AVE ,,20.8,68968,CHICAGO,,School,,0,PK-8,9778,94.6,,20.3,CUFFE MATH-SCI TECH ELEM ACADEMY,,,15120,15.6,2,,15.6%,,IL,462,22559,15.4,60620
150162990252637,,,10650 S EBERHART AVE ,,22.2,68968,CHICAGO,,School,,0.8,K-8,9778,96,,35.9,CULLEN ELEM SCHOOL,,,15120,11.4,2,,11.4%,,IL,249,22559,16.9,60628
150162990252799,,,32 E 115TH ST ,,25.4,68968,CHICAGO,,School,,2.7,PK-8,9778,99.1,,30,CURTIS ELEM SCHOOL,,,15120,5.5,2,,5.5%,,IL,659,22559,14.7,60628
150162990252837,,,5024 S WOLCOTT AVE ,,24.8,68968,CHICAGO,,School,,48.7,PK-8,9778,99.2,,15.1,DALEY ELEM ACADEMY,,,15120,13.5,1,,13.5%,,IL,628,22559,12.4,60609
150162990252148,,,3116 W BELDEN AVE ,,24.5,68968,CHICAGO,,School,,41.4,PK-8,9778,94.8,,18.4,DARWIN ELEM SCHOOL,,,15120,20,1,,20%,,IL,563,22559,17.4,60647
150162990252954,,,6740 S PAULINA ST ,,20.7,68968,CHICAGO,,School,,0.3,K-8,9778,97.7,,16.8,DAVIS M MAGNET ELEM SCHOOL,,,15120,15.8,1,,15.8%,,IL,299,22559,13.7,60636
150162990252149,,,3014 W 39TH PL ,,27.6,68968,CHICAGO,,School,,54.5,PK-8,9778,98.5,,20.6,DAVIS N ELEM SCHOOL,,,15120,18.7,1,,18.7%,,IL,913,22559,11.6,60632
150162990252150,,,3810 W 81ST PL ,,28.2,68968,CHICAGO,,School,,21.2,PK-8,9778,97.3,,20.9,DAWES ELEM SCHOOL,,,15120,27.8,1,,27.8%,,IL,1041,22559,16.7,60652
150162990252825,,,1313 N CLAREMONT AVE ,,22.7,68968,CHICAGO,,School,,13.7,PK-8,9778,93.5,,11.8,DE DIEGO ELEM COMMUNITY ACADEMY,,,15120,15.5,1,,15.5%,,IL,767,22559,14.1,60622
150162990252805,,,7030 N SACRAMENTO AVE ,,28.3,68968,CHICAGO,,School,,0.7,K-6,9778,15.9,,4.5,DECATUR CLASSICAL ELEM SCHOOL,,,15120,90.8,1,,90.8%,,IL,289,22559,6.2,60645
150162990252153,,,7240 S WABASH AVE ,,24.9,68968,CHICAGO,,School,,0.2,PK-8,9778,97.3,,39.3,DENEEN ELEM SCHOOL,,,15120,12.8,2,,12.8%,,IL,601,22559,15.3,60619
150162990252605,,,139 S PARKSIDE AVE ,,26.5,68968,CHICAGO,,School,,0.7,PK-8,9778,98,,31.1,DEPRIEST ELEM SCHOOL,,,15120,6.9,1,,6.9%,,IL,711,22559,15.3,60644
150162990252154,,,2131 W MONROE ST ,,21,68968,CHICAGO,,School,,0.9,PK-8,9778,99.1,,23.6,DETT ELEM SCHOOL,,,15120,6.1,3,,6.1%,,IL,423,22559,28.6,60612
150162990252158,,,3436 N OSCEOLA AVE ,,28.6,68968,CHICAGO,,School,,28.6,PK-8,9778,66.4,,9,DEVER ELEM SCHOOL,,,15120,36.9,1,,36.9%,,IL,847,22559,15.2,60634
150162990252159,,,5415 S UNION AVE ,,18.3,68968,CHICAGO,,School,,1.1,PK-8,9778,99.2,,28.8,DEWEY ELEM ACADEMY OF FINE ARTS,,,15120,6.7,3,,6.7%,,IL,366,22559,11.2,60609
150162990252603,,,8601 W FOSTER AVE ,,27.4,68968,CHICAGO,,School,,47.7,PK-8,9778,79.8,,24.8,DIRKSEN ELEM SCHOOL,,,15120,46.4,2,,46.4%,,IL,847,22559,13.8,60656
150162990252160,,,4140 N MARINE DR ,,27.3,68968,CHICAGO,,School,,10.6,PK-8,9778,65.8,,5.2,DISNEY ELEM MAGNET SCHOOL,,,15120,48,1,,48%,,IL,1650,22559,9.3,60613
150162990252949,,,3815 N KEDVALE AVE ,,24.4,68968,CHICAGO,,School,,8.1,PK-6,9778,35.4,,0.8,DISNEY II ELEM SCHOOL,,,15120,63.5,1,,63.5%,,IL,418,22559,9.8,60641
150162990252161,,,8306 S SAINT LAWRENCE AVE ,,24.5,68968,CHICAGO,,School,,0.6,PK-8,9778,90.6,,7.5,DIXON ELEM SCHOOL,,,15120,33.9,1,,33.9%,,IL,646,22559,12.5,60619
150162990252927,,,431 N TROY ST ,,19.8,68968,CHICAGO,,School,,0,PK-8,9778,96.8,,4.3,DODGE ELEM SCHOOL,,,15120,12.5,2,,12.5%,,IL,189,22559,15.3,60612
150162990252937,,,535 E 35TH ST ,,22.2,68968,CHICAGO,,School,,1.6,PK-8,9778,99,,35.8,DOOLITTLE ELEM SCHOOL,,,15120,5.6,2,,5.6%,,IL,309,22559,15.9,60616
150162990252167,,,6108 S NATOMA AVE ,,33.2,68968,CHICAGO,,School,,15.8,PK-8,9778,60.5,,12.5,DORE ELEM SCHOOL,,,15120,34.6,2,,34.6%,,IL,671,22559,20.6,60638
150162990252169,,,2710 S DEARBORN ST ,,21.7,68968,CHICAGO,,School,,3,PK-8,9778,95.9,,26.2,DRAKE ELEM SCHOOL,,,15120,8.6,3,,8.6%,,IL,440,22559,15,60616
150162990252172,,,1845 W CORTLAND ST ,,15.1,68968,CHICAGO,,School,,5.8,PK-8,9778,35.6,,5.4,DRUMMOND ELEM SCHOOL,,,15120,42.9,2,,42.9%,,IL,343,22559,8.5,60622
150162990252173,,,330 E 133RD ST ,,20.9,68968,CHICAGO,,School,,2.4,PK-8,9778,98.1,,29.1,DUBOIS ELEM SCHOOL,,,15120,13.2,1,,13.2%,,IL,210,22559,17.6,60827
150162990252175,,,6311 S CALUMET AVE ,,28,68968,CHICAGO,,School,,0.1,PK-8,9778,99.6,,35.1,DULLES ELEM SCHOOL,,,15120,2.6,1,,2.6%,,IL,784,22559,13.9,60637
150162990252177,,,10845 S UNION AVE ,,28.4,68968,CHICAGO,,School,,0,PK-8,9778,94.8,,20.5,DUNNE TECHNOLOGY ACAD ELEM SCH,,,15120,27.8,1,,27.8%,,IL,248,22559,14.5,60628
150162990252933,,,8445 S KOLIN AVE ,,27.3,68968,CHICAGO,,School,,38,PK-8,9778,92.8,,14.4,DURKIN PARK ELEM SCHOOL,,,15120,35,1,,35%,,IL,624,22559,13.3,60652
150162990252179,,,3615 W 16TH ST ,,27.1,68968,CHICAGO,,School,,0,PK-8,9778,99.8,,20.2,DVORAK TECHNOLOGY ACAD ELEM SCH,,,15120,10.5,3,,10.5%,,IL,475,22559,13.9,60623
150162990252743,,,1710 E 93RD ST ,,26.6,68968,CHICAGO,,School,,0,K-8,9778,76.6,,5.6,EARHART ELEM OPT FOR KNOWL SCHOOL,,,15120,43.9,2,,43.9%,,IL,248,22559,10.1,60617
150162990252180,,,2040 W 62ND ST ,,26.1,68968,CHICAGO,,School,,0.2,PK-8,9778,99.2,,30.1,EARLE ELEM SCHOOL,,,15120,9.7,4,,9.7%,,IL,513,22559,20.1,60636
150162990252181,,,3400 W 65TH PL ,,27.6,68968,CHICAGO,,School,,43.6,K-8,9778,98.4,,10.4,EBERHART ELEM SCHOOL,,,15120,17.2,1,,17.2%,,IL,1565,22559,11.2,60629
150162990252182,,,7350 W PRATT AVE ,,29,68968,CHICAGO,,School,,5,K-8,9778,21.1,,7.3,EBINGER ELEM SCHOOL,,,15120,61.2,2,,61.2%,,IL,715,22559,15,60631
150162990252183,,,6525 N HIAWATHA AVE ,,18.9,68968,CHICAGO,,School,,1.4,K-8,9778,17.3,,3.3,EDGEBROOK ELEM SCHOOL,,,15120,64.3,2,,64.3%,,IL,513,22559,14.2,60646
150162990252184,,,4929 N SAWYER AVE ,,30.7,68968,CHICAGO,,School,,2.2,K-8,9778,16.6,,0.7,EDISON ELEM REGIONAL GIFTED CNTR,,,15120,94.3,2,,94.3%,,IL,277,22559,6.1,60625
150162990252953,,,6220 N OLCOTT AVE ,,19.7,68968,CHICAGO,,School,,5.9,PK-8,9778,22.7,,5.4,EDISON PARK ELEM SCHOOL,,,15120,54.9,1,,54.9%,,IL,488,22559,13.3,60631
150162990252185,,,4815 S KARLOV AVE ,,27.3,68968,CHICAGO,,School,,50.4,PK-8,9778,97,,18.2,EDWARDS ELEM SCHOOL,,,15120,18.4,1,,18.4%,,IL,1455,22559,11.5,60632
150162990252187,,,243 N PARKSIDE AVE ,,23.9,68968,CHICAGO,,School,,2.1,PK-8,9778,98.6,,33.6,ELLINGTON ELEM SCHOOL,,,15120,11.6,1,,11.6%,,IL,705,22559,21,60644
150162990252190,,,3600 W 5TH AVE ,,23.1,68968,CHICAGO,,School,,0,PK-8,9778,98,,15.7,ERICSON ELEM SCHOLASTIC ACADEMY,,,15120,20.4,3,,20.4%,,IL,456,22559,11.8,60624
150162990252191,,,1865 W MONTVALE AVE ,,24.4,68968,CHICAGO,,School,,1.5,PK-8,9778,96.5,,22.1,ESMOND ELEM SCHOOL,,,15120,17.3,1,,17.3%,,IL,341,22559,18.8,60643
150162990252192,,,3419 S BELL AVE ,,21.2,68968,CHICAGO,,School,,43.1,PK-5,9778,97.6,,23.8,EVERETT ELEM SCHOOL,,,15120,20.1,2,,20.1%,,IL,211,22559,18,60608
150162990252873,,,3537 S PAULINA ST ,,24.6,68968,CHICAGO,,School,,17.6,6-8,9778,95.7,,16.5,EVERGREEN ACADEMY ELEM SCHOOL,,,15120,25.5,1,,25.5%,,IL,369,22559,16.3,60609
150162990252193,,,9811 S LOWE AVE ,,20.4,68968,CHICAGO,,School,,0.3,PK-8,9778,91.2,,24.3,EVERS ELEM SCHOOL,,,15120,18.7,2,,18.7%,,IL,364,22559,17.9,60628
150162990252913,,,6201 S FAIRFIELD AVE ,,24.2,68968,CHICAGO,,School,,41,PK-8,9778,99,,27.8,FAIRFIELD ELEM ACADEMY,,,15120,10.7,3,,10.7%,,IL,619,22559,14.5,60629
150162990252194,,,3020 N LAMON AVE ,,27.1,68968,CHICAGO,,School,,47.4,PK-6,9778,96.7,,11.9,FALCONER ELEM SCHOOL,,,15120,23.3,2,,23.3%,,IL,1418,22559,14.6,60641
150162990252195,,,3250 W MONROE ST ,,21.8,68968,CHICAGO,,School,,0.3,PK-8,9778,99.4,,45.8,FARADAY ELEM SCHOOL,,,15120,17.3,4,,17.3%,,IL,357,22559,17.6,60624
150162990252198,,,5414 N LINDER AVE ,,25.8,68968,CHICAGO,,School,,27.2,PK-8,9778,68,,12,FARNSWORTH ELEM SCHOOL,,,15120,44.4,3,,44.4%,,IL,525,22559,17.7,60630
150162990252202,,,10041 S UNION AVE ,,21.2,68968,CHICAGO,,School,,0,PK-8,9778,98.3,,19.3,FERNWOOD ELEM SCHOOL,,,15120,19.4,2,,19.4%,,IL,347,22559,13.3,60628
150162990252203,,,7019 N ASHLAND BLVD ,,22.1,68968,CHICAGO,,School,,25.8,4-8,9778,95.4,,26.2,FIELD ELEM SCHOOL,,,15120,24.8,3,,24.8%,,IL,349,22559,15.8,60626
150162990252893,,,2332 S WESTERN AVE ,,22.6,68968,CHICAGO,,School,,38.1,PK-8,9778,99.3,,18.5,FINKL ELEM SCHOOL,,,15120,17.2,1,,17.2%,,IL,449,22559,19.8,60608
150162990252204,,,6020 S LANGLEY AVE ,,24.5,68968,CHICAGO,,School,,0,PK-8,9778,99,,40,FISKE ELEM SCHOOL,,,15120,7.1,1,,7.1%,,IL,521,22559,13.1,60637
150162990252206,,,9025 S THROOP ST ,,21.8,68968,CHICAGO,,School,,0,PK-8,9778,98.5,,38.6,FORT DEARBORN ELEM SCHOOL,,,15120,12.3,2,,12.3%,,IL,402,22559,18.2,60620
150162990252618,,,8530 S WOOD ST ,,19.5,68968,CHICAGO,,School,,0,PK-8,9778,96.6,,39.1,FOSTER PARK ELEM SCHOOL,,,15120,16.6,1,,16.6%,,IL,320,22559,16.3,60620
150162990252207,,,225 W EVERGREEN AVE ,,27.7,68968,CHICAGO,,School,,4.6,K-8,9778,45.8,,4.7,FRANKLIN ELEM FINE ARTS CENTER,,,15120,47.5,2,,47.5%,,IL,367,22559,13.6,60610
150162990252945,,,4027 W GRENSHAW ST ,,22.5,68968,CHICAGO,,School,,0,K-8,9778,93.5,,6.7,FRAZIER PERSPECTIVES MAGNET ES,,,15120,39.6,3,,39.6%,,IL,291,22559,12,60624
150162990252209,,,4214 S SAINT LAWRENCE AVE ,,22.9,68968,CHICAGO,,School,,0,PK-8,9778,99,,41,FULLER ELEM SCHOOL,,,15120,7,3,,7%,,IL,391,22559,20.2,60653
150162990252210,,,5300 S HERMITAGE AVE ,,20.9,68968,CHICAGO,,School,,32.8,PK-8,9778,99.4,,37.3,FULTON ELEM SCHOOL,,,15120,11.4,3,,11.4%,,IL,494,22559,15.2,60609
150162990252211,,,2010 N CENTRAL PARK AVE ,,20.4,68968,CHICAGO,,School,,41.8,PK-8,9778,99.1,,21.8,FUNSTON ELEM SCHOOL,,,15120,11.2,1,,11.2%,,IL,552,22559,17.2,60647
150162990252212,,,1631 W JONQUIL TER ,,23.6,68968,CHICAGO,,School,,23.4,PK-8,9778,97.5,,39.6,GALE ELEM COMMUNITY ACADEMY,,,15120,12.7,1,,12.7%,,IL,398,22559,20.9,60626
150162990252878,,,820 S CARPENTER ST ,,24,68968,CHICAGO,,School,,12,K-8,9778,70.3,,3.4,GALILEO ELEM MATH & SCI SCHOL ACD,,,15120,50,1,,50%,,IL,558,22559,12.2,60607
150162990252213,,,10347 S EWING AVE ,,28.1,68968,CHICAGO,,School,,26.1,PK-8,9778,97.7,,14.6,GALLISTEL ELEM LANGUAGE ACADEMY,,,15120,12.6,2,,12.6%,,IL,1281,22559,13.9,60617
150162990252964,,,3231 N SPRINGFIELD AVE ,,27.9,68968,CHICAGO,,School,,46.1,PK-8,9778,98.1,,13.1,GARCIA LORCA ELEM SCHOOL,,,15120,24.5,1,,24.5%,,IL,900,22559,16.1,60618
150162990252773,,,10309 S MORGAN ST ,,22.8,68968,CHICAGO,,School,,0,PK-8,9778,98.6,,29.7,GARVEY M ELEM SCHOOL,,,15120,20.9,1,,20.9%,,IL,293,22559,13,60643
150162990252214,,,5225 N OAK PARK AVE ,,28.7,68968,CHICAGO,,School,,19.2,K-8,9778,48.8,,7.8,GARVY J ELEM SCHOOL,,,15120,44.9,1,,44.9%,,IL,791,22559,14.4,60656
150162990252215,,,3740 W 31ST ST ,,27.7,68968,CHICAGO,,School,,41.5,"PK,3-8",9778,98.9,,10.9,GARY ELEM SCHOOL,,,15120,19.8,1,,19.8%,,IL,1136,22559,14.9,60623
150162990252236,,,9301 S STATE ST ,,24.3,68968,CHICAGO,,School,,0.6,PK-8,9778,97.2,,48.6,GILLESPIE ELEM SCHOOL,,,15120,14.6,1,,14.6%,,IL,498,22559,14.5,60619
150162990252220,,,2236 N ROCKWELL ST ,,23.6,68968,CHICAGO,,School,,23.3,PK-8,9778,80.5,,5.8,GOETHE ELEM SCHOOL,,,15120,30.2,1,,30.2%,,IL,799,22559,12.6,60647
150162990252223,,,5120 N WINTHROP AVE ,,25.6,68968,CHICAGO,,School,,38.1,PK-8,9778,93.9,,17.1,GOUDY TECHNOLOGY ACADEMY,,,15120,36,1,,36%,,IL,759,22559,15.9,60640
150162990252224,,,4436 S UNION AVE ,,25,68968,CHICAGO,,School,,15.9,PK-8,9778,94.6,,23.7,GRAHAM A ELEM SCHOOL,,,15120,17.2,1,,17.2%,,IL,484,22559,11,60609
150162990252226,,,3730 N LARAMIE AVE ,,25,68968,CHICAGO,,School,,26.9,PK-8,9778,93.3,,13.5,GRAY ELEM SCHOOL,,,15120,25.7,2,,25.7%,,IL,1275,22559,15.1,60641
150162990252227,,,832 W SHERIDAN RD ,,23.2,68968,CHICAGO,,School,,25,PK-8,9778,88.4,,9.5,GREELEY ELEM SCHOOL,,,15120,39,1,,39%,,IL,681,22559,12.8,60613
150162990252048,,,1150 W 96TH ST ,,27.6,68968,CHICAGO,,School,,0,PK-8,9778,95.9,,24.9,GREEN W ELEM SCHOOL,,,15120,20.9,1,,20.9%,,IL,320,22559,10.9,60643
150162990252229,,,3525 S HONORE ST ,,26.9,68968,CHICAGO,,School,,47.8,PK-5,9778,96.5,,17,GREENE N ELEM SCHOOL,,,15120,25.4,3,,25.4%,,IL,625,22559,10.2,60609
150162990252230,,,3715 W POLK ST ,,23.2,68968,CHICAGO,,School,,0.2,PK-8,9778,99,,40.8,GREGORY MATH & SCI ELEM ACADEMY,,,15120,9.3,1,,9.3%,,IL,412,22559,16.3,60624
150162990252231,,,8524 S GREEN ST ,,21.8,68968,CHICAGO,,School,,0.3,PK-8,9778,99.7,,28.9,GRESHAM ELEM SCHOOL,,,15120,7.3,2,,7.3%,,IL,357,22559,18.8,60620
150162990252232,,,5450 W 64TH PL ,,24.1,68968,CHICAGO,,School,,35.5,PK-8,9778,87.3,,13.7,GRIMES ELEM SCHOOL,,,15120,35.8,1,,35.8%,,IL,473,22559,13.3,60638
150162990252622,,,12810 S ESCANABA AVE ,,32.7,68968,CHICAGO,,School,,21.8,PK-8,9778,71.5,,12.1,GRISSOM ELEM SCHOOL,,,15120,32.8,2,,32.8%,,IL,340,22559,13.8,60633
150162990252811,,,4420 S SACRAMENTO AVE ,,26.7,68968,CHICAGO,,School,,42.3,PK-8,9778,93.7,,1.9,GUNSAULUS ELEM SCHOLASTIC ACADEMY,,,15120,26.5,2,,26.5%,,IL,851,22559,9.3,60632
150162990252235,,,247 W 23RD PL ,,22.6,68968,CHICAGO,,School,,29.1,PK-8,9778,96,,6.9,HAINES ELEM SCHOOL,,,15120,59.7,3,,59.7%,,IL,646,22559,5.1,60616
150162990252239,,,6140 S MELVINA AVE ,,32.5,68968,CHICAGO,,School,,16.4,PK-8,9778,79,,19.1,HALE ELEM SCHOOL,,,15120,30,2,,30%,,IL,951,22559,15.6,60638
150162990252092,,,11411 S EGGLESTON AVE ,,26.4,68968,CHICAGO,,School,,0.3,PK-8,9778,98.3,,45.9,HALEY ELEM ACADEMY,,,15120,10.6,4,,10.6%,,IL,602,22559,12,60628
150162990252240,,,1650 W CORNELIA AVE ,,18.8,68968,CHICAGO,,School,,6.4,PK-8,9778,30.5,,5.2,HAMILTON ELEM SCHOOL,,,15120,45,1,,45%,,IL,420,22559,14.5,60657
150162990252241,,,4747 S BISHOP ST ,,27.5,68968,CHICAGO,,School,,56.7,PK-8,9778,99.7,,24.3,HAMLINE ELEM SCHOOL,,,15120,10.2,2,,10.2%,,IL,635,22559,12.3,60609
150162990252242,,,2819 W 21ST PL ,,24.3,68968,CHICAGO,,School,,51.7,PK-8,9778,99,,21.8,HAMMOND ELEM SCHOOL,,,15120,11.5,2,,11.5%,,IL,497,22559,20.9,60623
150162990252916,,,3434 W 77TH ST ,,25.3,68968,CHICAGO,,School,,19,K-8,9778,93.8,,14.5,HAMPTON ELEM FINE & PERF ARTS SCH,,,15120,21,2,,21%,,IL,536,22559,13.2,60652
150162990252726,,,5411 W FULLERTON AVE ,,29.7,68968,CHICAGO,,School,,43.7,PK-8,9778,98.5,,23.2,HANSON PARK ELEM SCHOOL,,,15120,23.9,1,,23.9%,,IL,1435,22559,13.6,60639
150162990252244,,,1556 E 56TH ST ,,24.3,68968,CHICAGO,,School,,7.3,PK-8,9778,86.8,,12.7,HARTE ELEM SCHOOL,,,15120,24.8,1,,24.8%,,IL,372,22559,21.2,60637
150162990252246,,,7525 S HARVARD AVE ,,24.7,68968,CHICAGO,,School,,0,PK-8,9778,99.1,,41,HARVARD ELEM SCHOOL,,,15120,11.3,3,,11.3%,,IL,459,22559,17.4,60620
150162990252247,,,4540 N HAMLIN AVE ,,24.9,68968,CHICAGO,,School,,62.5,PK-6,9778,97.6,,16.8,HAUGAN ELEM SCHOOL,,,15120,27,1,,27%,,IL,1145,22559,13.2,60625
150162990252249,,,3319 N CLIFTON AVE ,,21.1,68968,CHICAGO,,School,,2.3,K-8,9778,24,,2.4,HAWTHORNE ELEM SCHOLASTIC ACADEMY,,,15120,75.6,2,,75.6%,,IL,576,22559,10.1,60657
150162990252636,,,1018 N LARAMIE AVE ,,23,68968,CHICAGO,,School,,2.4,PK-8,9778,98.3,,24.9,HAY ELEM COMMUNITY ACADEMY,,,15120,11,1,,11%,,IL,545,22559,12.8,60651
150162990252252,,,1518 W GRANVILLE AVE ,,25.4,68968,CHICAGO,,School,,41.4,PK-8,9778,92.1,,19.9,HAYT ELEM SCHOOL,,,15120,38.3,1,,38.3%,,IL,1027,22559,16.7,60660
150162990252254,,,3010 S PARNELL AVE ,,28.7,68968,CHICAGO,,School,,22.2,PK-8,9778,90.6,,9,HEALY ELEM SCHOOL,,,15120,56.9,1,,56.9%,,IL,1398,22559,7.4,60616
150162990252255,,,4640 S LAMON AVE ,,25.4,68968,CHICAGO,,School,,34.1,PK-8,9778,98.1,,23,HEARST ELEM SCHOOL,,,15120,5.9,3,,5.9%,,IL,311,22559,25.4,60638
150162990252256,,,4747 S WINCHESTER AVE ,,27.8,68968,CHICAGO,,School,,60.2,PK-8,9778,99.5,,18.1,HEDGES ELEM SCHOOL,,,15120,13.7,1,,13.7%,,IL,782,22559,13.4,60609
150162990252257,,,4409 W WILCOX ST ,,25.1,68968,CHICAGO,,School,,0,PK-8,9778,97.4,,36.6,HEFFERAN ELEM SCHOOL,,,15120,41.1,1,,41.1%,,IL,428,22559,14.7,60624
150162990252258,,,5650 S WOLCOTT AVE ,,22.7,68968,CHICAGO,,School,,1.5,PK-8,9778,98.5,,43.5,HENDERSON ELEM SCHOOL,,,15120,6.7,1,,6.7%,,IL,344,22559,15.1,60636
150162990252259,,,4316 S PRINCETON AVE ,,21.6,68968,CHICAGO,,School,,1.6,PK-8,9778,96.8,,33.2,HENDRICKS ELEM COMMUNITY ACADEMY,,,15120,19.7,2,,19.7%,,IL,253,22559,24.5,60609
150162990252260,,,4250 N SAINT LOUIS AVE ,,25.3,68968,CHICAGO,,School,,49,PK-6,9778,96.6,,15.1,HENRY ELEM SCHOOL,,,15120,27.6,2,,27.6%,,IL,667,22559,13.8,60618
150162990252597,,,3510 W 55TH ST ,,27.6,68968,CHICAGO,,School,,18.6,6-8,9778,98.6,,8.8,HERNANDEZ MIDDLE SCHOOL,,,15120,19.7,2,,19.7%,,IL,953,22559,11.4,60632
150162990252263,,,3711 W DOUGLAS BLVD ,,22.3,68968,CHICAGO,,School,,1.2,PK-8,9778,99.1,,19.6,HERZL ELEM SCHOOL,,,15120,7.7,2,,7.7%,,IL,572,22559,12.1,60623
150162990252265,,,3244 W AINSLIE ST ,,24.9,68968,CHICAGO,,School,,44.6,PK-6,9778,97.3,,10.6,HIBBARD ELEM SCHOOL,,,15120,20.1,1,,20.1%,,IL,1165,22559,14.8,60625
150162990252266,,,11710 S MORGAN ST ,,26.3,68968,CHICAGO,,School,,0.3,PK-8,9778,94.7,,26.9,HIGGINS ELEM COMMUNITY ACADEMY,,,15120,18.3,2,,18.3%,,IL,340,22559,13.2,60643
150162990252268,,,5625 N MCVICKER AVE ,,29.4,68968,CHICAGO,,School,,26.4,PK-8,9778,68.7,,10.4,HITCH ELEM SCHOOL,,,15120,37.7,2,,37.7%,,IL,569,22559,18.5,60646
150162990252269,,,1104 W 31ST ST ,,26.5,68968,CHICAGO,,School,,25,PK-8,9778,97.2,,21.9,HOLDEN ELEM SCHOOL,,,15120,29.3,2,,29.3%,,IL,544,22559,14.2,60608
150162990252270,,,955 W GARFIELD BLVD ,,18.1,68968,CHICAGO,,School,,0.4,PK-8,9778,100,,46.5,HOLMES ELEM SCHOOL,,,15120,6.7,2,,6.7%,,IL,228,22559,15.8,60621
150162990252961,,,1628 W WASHINGTON BLVD ,,23.2,68968,CHICAGO,,School,,3.8,K-5,9778,78.6,,7.9,HOPE INST LEARNING ACAD ELEM SCHOOL,,,15120,18,3,,18%,,IL,393,22559,23.7,60612
150162990252273,,,720 N LOREL AVE ,,25.3,68968,CHICAGO,,School,,0.3,PK-8,9778,98.5,,28.8,HOWE ELEM SCHOOL,,,15120,8.9,2,,8.9%,,IL,589,22559,18.5,60644
150162990252275,,,8905 S CRANDON AVE ,,24.8,68968,CHICAGO,,School,,0,K-8,9778,90,,15.7,HOYNE ELEM SCHOOL,,,15120,27.8,2,,27.8%,,IL,240,22559,15,60617
150162990252276,,,4247 W 15TH ST ,,21.7,68968,CHICAGO,,School,,0.3,PK-8,9778,99.7,,43.2,HUGHES C ELEM SCHOOL,,,15120,13.9,1,,13.9%,,IL,306,22559,13.1,60623
150162990252620,,,240 W 104TH ST ,,25.2,68968,CHICAGO,,School,,0.4,PK-8,9778,98.9,,35.3,HUGHES L ELEM SCHOOL,,,15120,6.8,1,,6.8%,,IL,547,22559,26.3,60628
150162990252280,,,3849 W 69TH PL ,,28.6,68968,CHICAGO,,School,,33.3,PK-8,9778,96.4,,15,HURLEY ELEM SCHOOL,,,15120,34.1,1,,34.1%,,IL,837,22559,10.5,60629
150162990252358,,,851 W WAVELAND AVE ,,20.5,68968,CHICAGO,,School,,29.8,PK-8,9778,58.7,,1.9,INTER-AMERICAN ELEM MAGNET SCHOOL,,,15120,39.7,2,,39.7%,,IL,652,22559,10.3,60613
150162990252281,,,749 S OAKLEY BLVD ,,23.8,68968,CHICAGO,,School,,11.4,PK-8,9778,94.1,,13.1,IRVING ELEM SCHOOL,,,15120,16.6,1,,16.6%,,IL,457,22559,17.3,60612
150162990252283,,,1340 W HARRISON ST ,,31.4,68968,CHICAGO,,School,,9,K-8,9778,46.1,,2.5,JACKSON A ELEM LANGUAGE ACAD,,,15120,65.6,2,,65.6%,,IL,566,22559,6.2,60607
150162990252046,,,917 W 88TH ST ,,22.2,68968,CHICAGO,,School,,0,PK-8,9778,99.1,,27,JACKSON M ELEM SCHOOL,,,15120,6.3,3,,6.3%,,IL,340,22559,16.5,60620
150162990252284,,,3149 N WOLCOTT AVE ,,21.3,68968,CHICAGO,,School,,19.7,PK-8,9778,77.9,,15.2,JAHN ELEM SCHOOL,,,15120,19.4,3,,19.4%,,IL,340,22559,16.5,60657
150162990252285,,,5650 N MOZART ST ,,26.8,68968,CHICAGO,,School,,24.7,PK-8,9778,78.4,,23.6,JAMIESON ELEM SCHOOL,,,15120,45.1,1,,45.1%,,IL,870,22559,11.6,60659
150162990252287,,,1119 N CLEVELAND AVE ,,21.7,68968,CHICAGO,,School,,0,PK-8,9778,96.8,,25.8,JENNER ELEM ACADEMY OF THE ARTS,,,15120,0,4,,,,IL,247,22559,22.7,60610
150162990252288,,,3030 W HARRISON ST ,,24.1,68968,CHICAGO,,School,,2.1,PK-8,9778,98.8,,24.4,JENSEN ELEM SCHOLASTIC ACADEMY,,,15120,9.4,2,,9.4%,,IL,486,22559,16.3,60612
150162990252290,,,1420 S ALBANY AVE ,,24.5,68968,CHICAGO,,School,,0,PK-8,9778,99.8,,45.2,JOHNSON ELEM SCHOOL,,,15120,14.2,1,,14.2%,,IL,410,22559,18.5,60623
150162990252775,,,7931 S HONORE ST ,,25.3,68968,CHICAGO,,School,,0,PK-8,9778,98.7,,37.7,JOPLIN ELEM SCHOOL,,,15120,16.8,1,,16.8%,,IL,466,22559,19.1,60620
150162990252889,,,7414 N WOLCOTT AVE ,,23,68968,CHICAGO,,School,,38.1,PK-8,9778,98.3,,24.7,JORDAN ELEM COMMUNITY SCHOOL,,,15120,13.8,4,,13.8%,,IL,588,22559,16.5,60626
150162990252292,,,1746 S MILLER ST ,,22.9,68968,CHICAGO,,School,,49.4,PK-8,9778,98,,15.4,JUNGMAN ELEM SCHOOL,,,15120,19.7,2,,19.7%,,IL,253,22559,15,60608
150162990252806,,,2233 S KEDZIE AVE ,,27,68968,CHICAGO,,School,,50.1,PK-8,9778,99.5,,11.7,KANOON ELEM MAGNET SCHOOL,,,15120,14,2,,14%,,IL,735,22559,14.3,60623
150162990252739,,,3020 W 108TH ST ,,28.8,68968,CHICAGO,,School,,0.4,1-8,9778,21.2,,6.6,KELLER ELEM GIFTED MAGNET SCHOOL,,,15120,93.6,2,,93.6%,,IL,231,22559,0,60655
150162990252892,,,3030 W ARTHINGTON ST ,,22.3,68968,CHICAGO,,School,,0,PK-8,9778,95.7,,8.5,KELLMAN CORPORATE COMMUNITY ELEM,,,15120,16.3,1,,16.3%,,IL,415,22559,8.4,60612
150162990252293,,,9241 S LEAVITT ST ,,27.7,68968,CHICAGO,,School,,0,K-8,9778,54.5,,11.7,KELLOGG ELEM SCHOOL,,,15120,33,2,,33%,,IL,257,22559,19.8,60643
150162990252294,,,6450 S LOWE AVE ,,25.4,68968,CHICAGO,,School,,0,PK-8,9778,93.8,,10.5,KERSHAW ELEM SCHOOL,,,15120,20.2,2,,20.2%,,IL,256,22559,12.5,60621
150162990252296,,,6700 N GREENVIEW AVE ,,23.7,68968,CHICAGO,,School,,54.1,PK-8,9778,97.2,,23.8,KILMER ELEM SCHOOL,,,15120,20.4,3,,20.4%,,IL,752,22559,19.8,60626
150162990252267,,,644 W 71ST ST ,,26.5,68968,CHICAGO,,School,,0.4,PK-8,9778,97.9,,36.9,KING ACADEMY OF SOCIAL JUSTICE,,,15120,4.8,1,,4.8%,,IL,242,22559,16.5,60621
150162990252299,,,5625 S MOBILE AVE ,,29.9,68968,CHICAGO,,School,,16.1,PK-8,9778,68.8,,13.7,KINZIE ELEM SCHOOL,,,15120,37.2,3,,37.2%,,IL,628,22559,18,60638
150162990252300,,,9351 S LOWE AVE ,,18.8,68968,CHICAGO,,School,,0.5,K-8,9778,88.9,,16.2,KIPLING ELEM SCHOOL,,,15120,31.3,2,,31.3%,,IL,378,22559,19.8,60620
150162990252304,,,936 E 54TH ST ,,20.3,68968,CHICAGO,,School,,0.6,PK-8,9778,95,,19.6,KOZMINSKI ELEM COMMUNITY ACADEMY,,,15120,16.3,2,,16.3%,,IL,362,22559,13,60615
150162990252704,,,6010 S THROOP ST ,,26,68968,CHICAGO,,School,,0.7,PK-8,9778,99.5,,30.9,LANGFORD A ELEM SCHOOL,,,15120,7,1,,7%,,IL,405,22559,16,60636
150162990252900,,,4619 S WOLCOTT AVE ,,24.7,68968,CHICAGO,,School,,46.4,PK-8,9778,98.6,,25.1,LARA ELEM ACADEMY,,,15120,14.2,1,,14.2%,,IL,491,22559,12,60609
150162990252306,,,1734 N ORLEANS ST ,,30.5,68968,CHICAGO,,School,,5.1,K-8,9778,36.5,,3.1,LASALLE ELEM LANGUAGE ACADEMY,,,15120,61.1,1,,61.1%,,IL,553,22559,11.9,60614
150162990252955,,,1148 N HONORE ST ,,28.6,68968,CHICAGO,,School,,8.9,PK-8,9778,54.6,,6.4,LASALLE II LANG ACAD ELEM SCH,,,15120,49.5,2,,49.5%,,IL,593,22559,16.5,60622
150162990252492,,,138 W 109TH ST ,,22.7,68968,CHICAGO,,School,,0.7,PK-8,9778,97.5,,43.4,LAVIZZO ELEM SCHOOL,,,15120,8.3,1,,8.3%,,IL,401,22559,18.5,60628
150162990252309,,,3500 W DOUGLAS BLVD ,,22.5,68968,CHICAGO,,School,,0,PK-8,9778,99.8,,24.1,LAWNDALE ELEM COMMUNITY ACADEMY,,,15120,6.3,1,,6.3%,,IL,416,22559,12,60623
150162990252703,,,6448 S TRIPP AVE ,,29.1,68968,CHICAGO,,School,,31.1,PK-8,9778,96.8,,12.2,LEE ELEM SCHOOL,,,15120,23.9,2,,23.9%,,IL,880,22559,14.7,60629
150162990252714,,,512 S LAVERGNE AVE ,,26.2,68968,CHICAGO,,School,,0.5,PK-8,9778,99.4,,35.7,LELAND ELEM SCHOOL,,,15120,9.5,1,,9.5%,,IL,632,22559,15.8,60644
150162990252856,,,8101 S LA SALLE ST ,,27.8,68968,CHICAGO,,School,,1,PK-8,9778,40.8,,7.5,LENART ELEM REGIONAL GIFTED CTR,,,15120,80.6,2,,80.6%,,IL,287,22559,3.5,60620
150162990252311,,,1431 N LEAMINGTON AVE ,,25.6,68968,CHICAGO,,School,,10.1,PK-8,9778,99.4,,38.3,LEWIS ELEM SCHOOL,,,15120,7,3,,7%,,IL,514,22559,13.8,60651
150162990252313,,,5300 S LOOMIS BLVD ,,23.6,68968,CHICAGO,,School,,9.7,K-8,9778,98.9,,33.2,LIBBY ELEM SCHOOL,,,15120,9.7,1,,9.7%,,IL,463,22559,15.3,60609
150162990252314,,,615 W KEMPER PL ,,26,68968,CHICAGO,,School,,6.1,K-8,9778,15.3,,11.8,LINCOLN ELEM SCHOOL,,,15120,75.7,1,,75.7%,,IL,825,22559,7,60614
150162990252315,,,3221 N SACRAMENTO AVE ,,21,68968,CHICAGO,,School,,35.2,PK-8,9778,95.3,,17.4,LINNE ELEM SCHOOL,,,15120,25.7,3,,25.7%,,IL,636,22559,16.2,60618
150162990252896,,,2620 S LAWNDALE AVE ,,26.4,68968,CHICAGO,,School,,52.6,PK-8,9778,99.4,,10.3,LITTLE VILLAGE ELEM SCHOOL,,,15120,19.6,2,,19.6%,,IL,887,22559,11.2,60623
150162990252316,,,2103 N LAMON AVE ,,24.4,68968,CHICAGO,,School,,65.3,PK-5,9778,96.7,,13.7,LLOYD ELEM SCHOOL,,,15120,21.1,3,,21.1%,,IL,1247,22559,12.7,60639
150162990252317,,,2828 N OAK PARK AVE ,,28.8,68968,CHICAGO,,School,,33.8,PK-8,9778,91.9,,9.8,LOCKE J ELEM SCHOOL,,,15120,26.4,2,,26.4%,,IL,1374,22559,19.4,60634
150162990252881,,,3212 W GEORGE ST ,,25.4,68968,CHICAGO,,School,,37.1,PK-8,9778,96.9,,24.4,LOGANDALE MIDDLE SCHOOL,,,15120,20,3,,20%,,IL,827,22559,12.5,60618
150162990252319,,,6333 W BLOOMINGDALE AVE ,,20.1,68968,CHICAGO,,School,,4.4,PK-8,9778,94.7,,20.3,LOVETT ELEM SCHOOL,,,15120,9.3,2,,9.3%,,IL,453,22559,15.9,60639
150162990252321,,,3320 W HIRSCH ST ,,25,68968,CHICAGO,,School,,28,PK-8,9778,97.2,,25.1,LOWELL ELEM SCHOOL,,,15120,18.5,1,,18.5%,,IL,603,22559,25.4,60651
150162990252303,,,1501 N GREENVIEW AVE ,,22.1,68968,CHICAGO,,School,,47.9,PK-8,9778,96.2,,9,LOZANO ELEM BILINGUAL & INTL CTR,,,15120,18.5,2,,18.5%,,IL,234,22559,18.8,60642
150162990252323,,,2941 N MCVICKER AVE ,,28.6,68968,CHICAGO,,School,,35.6,K-8,9778,96,,11.3,LYON ELEM SCHOOL,,,15120,32.6,2,,32.6%,,IL,1425,22559,14,60634
150162990252838,,,3202 W 28TH ST ,,27.1,68968,CHICAGO,,School,,15.1,6-8,9778,99.4,,7.7,MADERO MIDDLE SCHOOL,,,15120,16.5,2,,16.5%,,IL,331,22559,16.9,60623
150162990252324,,,7433 S DORCHESTER AVE ,,25.1,68968,CHICAGO,,School,,0,PK-8,9778,100,,45.6,MADISON ELEM SCHOOL,,,15120,7.9,1,,7.9%,,IL,208,22559,19.2,60619
150162990252326,,,1420 N HUDSON AVE ,,25.3,68968,CHICAGO,,School,,0.8,PK-8,9778,96.2,,28.5,MANIERRE ELEM SCHOOL,,,15120,3.2,2,,3.2%,,IL,366,22559,23.8,60610
150162990252328,,,8050 S CHAPPEL AVE ,,23.5,68968,CHICAGO,,School,,1.9,PK-8,9778,98.4,,33.9,MANN ELEM SCHOOL,,,15120,7.9,2,,7.9%,,IL,377,22559,15.9,60617
150162990252912,100,,1920 N HAMLIN AVE ,,25.7,68968,CHICAGO,,School,,14,7-12,9778,96.9,,10.7,MARINE LEADERSHIP ACADEMY - AMES,,,15120,14.4,2,,14.4%,,IL,744,22559,9.3,60647
150162990252330,,,6550 S RICHMOND ST ,,27.2,68968,CHICAGO,,School,,34.2,PK-8,9778,98.8,,32.7,MARQUETTE ELEM SCHOOL,,,15120,11.2,4,,11.2%,,IL,1239,22559,10.6,60629
150162990252331,,,9822 S EXCHANGE AVE ,,29.9,68968,CHICAGO,,School,,29.4,PK-8,9778,93.2,,15.5,MARSH ELEM SCHOOL,,,15120,20.5,2,,20.5%,,IL,851,22559,12.1,60617
150162990252882,,,3900 N LAWNDALE AVE ,,21.7,68968,CHICAGO,,School,,19.3,7-8,9778,99.1,,24.9,MARSHALL MIDDLE SCHOOL,,,15120,17.9,2,,17.9%,,IL,109,22559,20.2,60618
150162990252334,,,4217 W 18TH ST ,,21.4,68968,CHICAGO,,School,,0,PK-8,9778,100,,33.3,MASON ELEM SCHOOL,,,15120,11.4,1,,11.4%,,IL,417,22559,16.8,60623
150162990252337,,,2250 N CLIFTON AVE ,,11.3,68968,CHICAGO,,School,,3.3,PK-8,9778,28.2,,7.6,MAYER ELEM SCHOOL,,,15120,57.8,1,,57.8%,,IL,657,22559,10.8,60614
150162990252802,,,6656 S NORMAL BLVD ,,23.1,68968,CHICAGO,,School,,0.2,PK-8,9778,99.1,,34.8,MAYS ELEM ACADEMY,,,15120,11,1,,11%,,IL,466,22559,15.7,60621
150162990252877,,,1841 N SPRINGFIELD AVE ,,27.9,68968,CHICAGO,,School,,38.7,PK-8,9778,97.8,,18.2,MCAULIFFE ELEM SCHOOL,,,15120,11.6,4,,11.6%,,IL,726,22559,15.2,60647
150162990252339,,,3527 S WALLACE ST ,,25.6,68968,CHICAGO,,School,,18.7,PK-8,9778,92.3,,15.8,MCCLELLAN ELEM SCHOOL,,,15120,32.2,3,,32.2%,,IL,284,22559,21.1,60609
150162990252341,,,2712 S SAWYER AVE ,,25,68968,CHICAGO,,School,,55.4,PK-5,9778,99.3,,13.9,MCCORMICK ELEM SCHOOL,,,15120,17.9,3,,17.9%,,IL,823,22559,10.2,60623
150162990252344,,,4865 N SHERIDAN RD ,,21.9,68968,CHICAGO,,School,,34.8,PK-8,9778,98.4,,48.2,MCCUTCHEON ELEM SCHOOL,,,15120,27.2,2,,27.2%,,IL,428,22559,18.2,60640
150162990252345,,,8801 S INDIANA AVE ,,26.6,68968,CHICAGO,,School,,0,K-6,9778,46.7,,3.9,MCDADE ELEM CLASSICAL SCHOOL,,,15120,89.9,2,,89.9%,,IL,182,22559,5.5,60619
150162990252737,,,1419 E 89TH ST ,,23,68968,CHICAGO,,School,,0,PK-5,9778,93.5,,16.1,MCDOWELL ELEM SCHOOL,,,15120,30.7,1,,30.7%,,IL,184,22559,9.2,60619
150162990252346,,,6901 S FAIRFIELD AVE ,,26.3,68968,CHICAGO,,School,,6.4,PK-8,9778,98,,31.5,MCKAY ELEM SCHOOL,,,15120,13.1,1,,13.1%,,IL,858,22559,15.9,60629
150162990252634,,,4820 W WALTON ST ,,24.9,68968,CHICAGO,,School,,1.5,PK-8,9778,98.5,,40,MCNAIR ELEM SCHOOL,,,15120,7.1,2,,7.1%,,IL,337,22559,16.3,60651
150162990252349,,,4728 N WOLCOTT AVE ,,24.3,68968,CHICAGO,,School,,21.9,PK-8,9778,88.9,,9.2,MCPHERSON ELEM SCHOOL,,,15120,27.8,1,,27.8%,,IL,721,22559,18.6,60640
150162990252352,,,3937 W WILCOX ST ,,26.3,68968,CHICAGO,,School,,0,PK-8,9778,97.5,,19.1,MELODY ELEM SCHOOL,,,15120,6.8,5,,6.8%,,IL,606,22559,11.9,60624
150162990252804,,,12339 S NORMAL AVE ,,24.2,68968,CHICAGO,,School,,0,PK-8,9778,98,,48.9,METCALFE ELEM COMMUNITY ACADEMY,,,15120,7.5,3,,7.5%,,IL,490,22559,14.7,60628
150162990252452,,,9000 S EXCHANGE AVE ,,25.4,68968,CHICAGO,,School,,27.9,PK-8,9778,98.9,,39.7,MIRELES ELEM ACADEMY,,,15120,11.6,2,,11.6%,,IL,714,22559,14,60617
150162990252353,,,2233 W OHIO ST ,,27.7,68968,CHICAGO,,School,,20.1,PK-8,9778,69.4,,8.9,MITCHELL ELEM SCHOOL,,,15120,46.9,2,,46.9%,,IL,359,22559,15.6,60612
150162990252354,,,4415 S Dr Martin L King Jr Dr ,,24.5,68968,Chicago,,School,,0.6,PK-8,9778,92.9,,28.9,MOLLISON ELEM SCHOOL,,,15120,6.3,2,,6.3%,,IL,462,22559,11.5,60653
150162990252355,,,3651 W SCHUBERT AVE ,,25.3,68968,CHICAGO,,School,,32.8,PK-8,9778,98.1,,19.3,MONROE ELEM SCHOOL,,,15120,21.9,2,,21.9%,,IL,965,22559,12.1,60647
150162990252356,,,1711 N CALIFORNIA AVE ,,23,68968,CHICAGO,,School,,36.6,PK-8,9778,98.2,,28.3,MOOS ELEM SCHOOL,,,15120,15.2,2,,15.2%,,IL,492,22559,15.7,60647
150162990252357,,,6011 S ROCKWELL ST ,,20.9,68968,CHICAGO,,School,,36.4,PK-8,9778,92.7,,21.4,MORRILL ELEM MATH & SCI SCHOOL,,,15120,4.2,2,,4.2%,,IL,849,22559,13.1,60629
150162990252844,,,431 N TROY ST ,,20.1,68968,CHICAGO,,School,,0.8,PK-8,9778,98,,31.6,MORTON ELEM CAREER ACADEMY,,,15120,25.1,3,,25.1%,,IL,399,22559,16.8,60612
150162990252361,,,10841 S HOMAN AVE ,,27.2,68968,CHICAGO,,School,,1.1,K-8,9778,25.7,,4.7,MOUNT GREENWOOD ELEM SCHOOL,,,15120,55.5,1,,55.5%,,IL,1062,22559,10.8,60655
150162990252362,,,10540 S MORGAN ST ,,23.2,68968,CHICAGO,,School,,0,PK-8,9778,96.2,,24,MOUNT VERNON ELEM SCHOOL,,,15120,14.5,1,,14.5%,,IL,292,22559,22.3,60643
150162990252363,,,2200 N HAMLIN AVE ,,23.4,68968,CHICAGO,,School,,42.4,PK-8,9778,99.1,,12.6,MOZART ELEM SCHOOL,,,15120,19.9,1,,19.9%,,IL,778,22559,14,60647
150162990252365,,,3539 W GRACE ST ,,25.5,68968,CHICAGO,,School,,35.5,PK-8,9778,86.7,,11.5,MURPHY ELEM SCHOOL,,,15120,35.2,1,,35.2%,,IL,586,22559,17.9,60618
150162990252366,,,5335 S KENWOOD AVE ,,29.1,68968,CHICAGO,,School,,1.9,K-8,9778,59.6,,5,MURRAY ELEM LANGUAGE ACADEMY,,,15120,39.3,1,,39.3%,,IL,530,22559,7.7,60615
150162990252368,,,4837 W ERIE ST ,,21.3,68968,CHICAGO,,School,,1.4,PK-8,9778,99.5,,25.4,NASH ELEM SCHOOL,,,15120,4,1,,4%,,IL,364,22559,12.4,60644
150162990252924,,,55 W CERMAK RD ,,27.7,68968,CHICAGO,,School,,2.6,PK-8,9778,88.5,,16.7,NATIONAL TEACHERS ELEM ACADEMY,,,15120,21.8,2,,21.8%,,IL,626,22559,13.4,60616
150162990252369,,,8555 S MICHIGAN AVE ,,21.9,68968,CHICAGO,,School,,0.5,PK-8,9778,93.2,,19.3,NEIL ELEM SCHOOL,,,15120,9.7,2,,9.7%,,IL,222,22559,25.7,60619
150162990252370,,,3252 N BROADWAY ST ,,27,68968,CHICAGO,,School,,12.7,PK-8,9778,29.3,,15.9,NETTELHORST ELEM SCHOOL,,,15120,53.9,1,,53.9%,,IL,826,22559,11.1,60657
150162990252930,,,1707 W MORSE AVE ,,22.5,68968,CHICAGO,,School,,62.8,PK-3,9778,95.1,,23.6,NEW FIELD ELEM SCHOOL,,,15120,27.3,2,,27.3%,,IL,589,22559,14.1,60626
150162990252371,,,700 W WILLOW ST ,,28.3,68968,CHICAGO,,School,,5.8,PK-8,9778,68.8,,2.9,NEWBERRY ELEM MATH & SCIENCE ACAD,,,15120,35.4,2,,35.4%,,IL,570,22559,14.6,60614
150162990252072,,,6006 S PEORIA ST ,,24.5,68968,CHICAGO,,School,,0.2,PK-8,9778,98.8,,57.4,NICHOLSON TECHNOLOGY ACAD ELEM SCH,,,15120,10.3,2,,10.3%,,IL,560,22559,14.8,60621
150162990252373,,,5250 S ROCKWELL ST ,,27.6,68968,CHICAGO,,School,,53.6,PK-8,9778,98.1,,11.3,NIGHTINGALE ELEM SCHOOL,,,15120,15.4,1,,15.4%,,IL,1310,22559,15.6,60632
150162990252823,,,8344 S COMMERCIAL AVE ,,22.3,68968,CHICAGO,,School,,6.2,PK-8,9778,98.8,,37.9,NINOS HEROES ELEM ACADEMIC CTR,,,15120,13.2,2,,13.2%,,IL,404,22559,11.6,60617
150162990252374,,,2121 N KEELER AVE ,,26.5,68968,CHICAGO,,School,,51.1,PK-6,9778,98.1,,13.5,NIXON ELEM SCHOOL,,,15120,12.8,2,,12.8%,,IL,986,22559,11.4,60639
150162990252375,,,4127 W HIRSCH ST ,,29.6,68968,CHICAGO,,School,,39.1,PK-8,9778,97.3,,19.8,NOBEL ELEM SCHOOL,,,15120,28,2,,28%,,IL,850,22559,14,60651
150162990252935,,,4416 N TROY ST ,,29.7,68968,CHICAGO,,School,,50.1,PK-8,9778,94.9,,14.2,NORTH RIVER ELEM SCHOOL,,,15120,30.3,3,,30.3%,,IL,353,22559,19.3,60625
150162990252915,,,5252 W PALMER ST ,,28.3,68968,CHICAGO,,School,,28.2,6-8,9778,97.9,,16,NORTHWEST MIDDLE SCHOOL,,,15120,13.1,1,,13.1%,,IL,585,22559,13.8,60639
150162990252376,,,5900 N NINA AVE ,,26.3,68968,CHICAGO,,School,,8.8,PK-8,9778,24.9,,4.1,NORWOOD PARK ELEM SCHOOL,,,15120,62.4,3,,62.4%,,IL,377,22559,14.1,60631
150162990252380,,,24 W Walton St ,,27.1,68968,Chicago,,School,,11.9,K-5,9778,23.5,,17.1,OGDEN ELEM SCHOOL,,,15120,57.3,1,,57.3%,,IL,863,22559,10,60610
150162990252381,,,7646 S GREEN ST ,,20.6,68968,CHICAGO,,School,,0,PK-8,9778,99.8,,35.6,OGLESBY ELEM SCHOOL,,,15120,3.4,3,,3.4%,,IL,485,22559,18.4,60620
150162990252382,,,6940 S MERRILL AVE ,,28.1,68968,CHICAGO,,School,,0.1,PK-8,9778,98.4,,34.9,OKEEFFE ELEM SCHOOL,,,15120,11.2,3,,11.2%,,IL,671,22559,13.7,60649
150162990252383,,,6634 W RAVEN ST ,,27.8,68968,CHICAGO,,School,,11.4,PK-8,9778,45,,8.9,ONAHAN ELEM SCHOOL,,,15120,48.3,1,,48.3%,,IL,651,22559,14.9,60631
150162990252384,,,5424 N OKETO AVE ,,28.1,68968,CHICAGO,,School,,7.7,PK-8,9778,29.2,,1,ORIOLE PARK ELEM SCHOOL,,,15120,62.4,2,,62.4%,,IL,688,22559,11.8,60656
150162990252842,,,1940 W 18TH ST ,,26.8,68968,CHICAGO,,School,,31.7,PK-8,9778,96.9,,7.5,OROZCO ELEM FINE ARTS & SCIENCES,,,15120,32.7,2,,32.7%,,IL,581,22559,9,60608
150162990252898,,,3000 S LAWNDALE AVE ,,27,68968,CHICAGO,,School,,73.9,PK-2,9778,98.5,,9.9,ORTIZ DE DOMINGUEZ ELEM SCHOOL,,,15120,,1,,-,,IL,735,22559,11.8,60623
150162990252386,,,525 N ARMOUR ST ,,20.3,68968,CHICAGO,,School,,32.8,PK-8,9778,96.9,,9.5,OTIS ELEM SCHOOL,,,15120,16.3,1,,16.3%,,IL,555,22559,16.8,60642
150162990252387,,,6550 S SEELEY AVE ,,25.4,68968,CHICAGO,,School,,1.6,PK-8,9778,97.1,,40.9,OTOOLE ELEM SCHOOL,,,15120,7.6,3,,7.6%,,IL,488,22559,17.8,60636
150162990252389,,,8247 S CHRISTIANA AVE ,,26,68968,CHICAGO,,School,,0.4,K-8,9778,64.9,,2.8,OWEN ELEM SCHOLASTIC ACADEMY,,,15120,36.6,1,,36.6%,,IL,245,22559,9.4,60652
150162990252222,,,12302 S STATE ST ,,27.5,68968,CHICAGO,,School,,0,PK-8,9778,96.4,,34.8,OWENS COMMUNITY ACADEMY ES,,,15120,14.5,1,,14.5%,,IL,523,22559,15.9,60628
150162990252391,,,5051 N KENNETH AVE ,,25.7,68968,CHICAGO,,School,,35.6,PK-8,9778,88.6,,12.1,PALMER ELEM SCHOOL,,,15120,29.1,4,,29.1%,,IL,891,22559,13.7,60630
150162990252394,,,7037 S RHODES AVE ,,23.8,68968,CHICAGO,,School,,0,PK-8,9778,99,,36.3,PARK MANOR ELEM SCHOOL,,,15120,11.6,2,,11.6%,,IL,389,22559,10.3,60637
150162990252392,,,6800 S STEWART AVE ,,23.8,68968,CHICAGO,,School,,0.1,PK-8,9778,99.5,,28.4,PARKER ELEM COMMUNITY ACADEMY,,,15120,6.2,2,,6.2%,,IL,761,22559,9.5,60621
150162990252395,,,6938 S EAST END AVE ,,26.7,68968,CHICAGO,,School,,0,PK-8,9778,98.7,,39.2,PARKSIDE ELEM COMMUNITY ACADEMY,,,15120,7.5,2,,7.5%,,IL,312,22559,17,60649
150162990252396,,,5825 S KOSTNER AVE ,,29.2,68968,CHICAGO,,School,,36.7,PK-8,9778,94.8,,13.2,PASTEUR ELEM SCHOOL,,,15120,24.4,3,,24.4%,,IL,1266,22559,12,60629
150162990252398,,,3826 W 58TH ST ,,28.5,68968,CHICAGO,,School,,46.6,PK-8,9778,97.4,,7,PECK ELEM SCHOOL,,,15120,31.2,1,,31.2%,,IL,1653,22559,10.8,60629
150162990252399,,,1423 W BRYN MAWR AVE ,,26.6,68968,CHICAGO,,School,,18,PK-8,9778,72.6,,7.2,PEIRCE ELEM INTL STUDIES SCHOOL,,,15120,34.7,1,,34.7%,,IL,1028,22559,10.3,60660
150162990252400,,,1616 S AVERS AVE ,,22,68968,CHICAGO,,School,,6.7,PK-8,9778,98.6,,29.6,PENN ELEM SCHOOL,,,15120,14.8,1,,14.8%,,IL,360,22559,26.1,60623
150162990252864,,,1241 W 19TH ST ,,21.6,68968,CHICAGO,,School,,38.4,PK-8,9778,99.4,,9.7,PEREZ ELEM SCHOOL,,,15120,41.1,2,,41.1%,,IL,333,22559,14.4,60608
150162990252402,,,3200 S CALUMET AVE ,,22.9,68968,CHICAGO,,School,,2.7,PK-8,9778,81.9,,10.6,PERSHING ELEM HUMANITIES MAGNET,,,15120,22.8,2,,22.8%,,IL,520,22559,12.9,60616
150162990252403,,,5510 N CHRISTIANA AVE ,,27,68968,CHICAGO,,School,,28.5,PK-8,9778,80.1,,16.6,PETERSON ELEM SCHOOL,,,15120,32.1,5,,32.1%,,IL,891,22559,13.8,60625
150162990252385,,,1040 N KEELER AVE ,,23.3,68968,CHICAGO,,School,,24.8,PK-8,9778,99.6,,28.8,PICCOLO ELEM SPECIALTY SCHOOL,,,15120,8.7,5,,8.7%,,IL,540,22559,19.6,60651
150162990252404,,,2301 W 21ST PL ,,25.6,68968,CHICAGO,,School,,49.2,PK-8,9778,98.8,,15.5,PICKARD ELEM SCHOOL,,,15120,18,1,,18%,,IL,583,22559,17.5,60608
150162990252289,,,1420 W 17TH ST ,,20.7,68968,CHICAGO,,School,,42.6,PK-8,9778,99.3,,6.1,PILSEN ELEM COMMUNITY ACADEMY,,,15120,24.3,1,,24.3%,,IL,418,22559,27,60608
150162990252405,,,650 E 85TH ST ,,24.4,68968,CHICAGO,,School,,0.3,PK-6,9778,90.6,,33.4,PIRIE ELEM FINE ARTS & ACADEMIC C,,,15120,23.5,2,,23.5%,,IL,340,22559,12.1,60619
150162990252406,,,2642 W 15TH PL ,,16.2,68968,CHICAGO,,School,,26.4,K-8,9778,100,,24.5,PLAMONDON ELEM SCHOOL,,,15120,28,3,,28%,,IL,144,22559,15.3,60608
150162990252951,,,5545 W HARRISON ST ,,24,68968,CHICAGO,,School,,0,K-8,9778,98.4,,10.6,PLATO LEARNING ACAD ELEM SCHOOL,,,15120,7.7,2,,7.7%,,IL,487,22559,11.1,60644
150162990252809,,,10538 S LANGLEY AVE ,,27.4,68968,CHICAGO,,School,,0.5,K-6,9778,48.7,,1.5,POE ELEM CLASSICAL SCHOOL,,,15120,83.1,3,,83.1%,,IL,199,22559,4,60628
150162990252409,,,5330 W BERTEAU AVE ,,24.5,68968,CHICAGO,,School,,12.2,PK-8,9778,85,,16.6,PORTAGE PARK ELEM SCHOOL,,,15120,24.6,2,,24.6%,,IL,1039,22559,15.3,60641
150162990252785,,,7511 S South Shore Dr ,,27.5,68968,Chicago,,School,,3.8,K-8,9778,96.6,,34.2,POWELL ELEM PAIDEIA COMM ACADEMY,,,15120,30.2,1,,30.2%,,IL,582,22559,13.6,60649
150162990252410,,,1632 W WRIGHTWOOD AVE ,,22.3,68968,CHICAGO,,School,,16.4,PK-8,9778,59.9,,9.5,PRESCOTT ELEM SCHOOL,,,15120,48,2,,48%,,IL,324,22559,14.5,60614
150162990252958,,,2231 N CENTRAL AVE ,,28.4,68968,CHICAGO,,School,,40,PK-8,9778,97.3,,9,PRIETO MATH-SCIENCE ELEM SCH,,,15120,18,2,,18%,,IL,1019,22559,18.4,60639
150162990252510,,,2009 W SCHILLER ST ,,25.3,68968,CHICAGO,,School,,6.8,PK-8,9778,54.6,,10.2,PRITZKER ELEM SCHOOL,,,15120,42.7,1,,42.7%,,IL,725,22559,12.3,60622
150162990252412,,,4650 N MENARD AVE ,,23.2,68968,CHICAGO,,School,,29.3,PK-8,9778,80,,16.9,PRUSSING ELEM SCHOOL,,,15120,33.9,2,,33.9%,,IL,706,22559,13.6,60630
150162990252413,,,2230 W MCLEAN AVE ,,23.6,68968,CHICAGO,,School,,20.6,PK-8,9778,82.7,,4.7,PULASKI INTL SCH OF CHICAGO,,,15120,38.3,3,,38.3%,,IL,913,22559,10.1,60647
150162990252414,,,11311 S FORRESTVILLE AVE ,,23.6,68968,CHICAGO,,School,,4.2,PK-8,9778,97.9,,28.3,PULLMAN ELEM SCHOOL,,,15120,11.5,2,,11.5%,,IL,287,22559,15,60628
150162990252807,,,7316 S HOYNE AVE ,,23.5,68968,CHICAGO,,School,,1.8,PK-8,9778,98.4,,26.7,RANDOLPH ELEM SCHOOL,,,15120,6.9,2,,6.9%,,IL,513,22559,16,60636
150162990252416,,,4332 N PAULINA ST ,,24.3,68968,CHICAGO,,School,,14,PK-8,9778,48.6,,8.2,RAVENSWOOD ELEM SCHOOL,,,15120,44.1,3,,44.1%,,IL,523,22559,13.4,60613
150162990252417,,,5631 S KIMBARK AVE ,,24,68968,CHICAGO,,School,,11.1,PK-8,9778,64,,19.8,RAY ELEM SCHOOL,,,15120,32.3,5,,32.3%,,IL,702,22559,11.3,60637
150162990252419,,,834 E 50TH ST ,,25.6,68968,CHICAGO,,School,,0.4,PK-8,9778,98,,35.9,REAVIS ELEM MATH & SCI SPEC SCHL,,,15120,11.5,3,,11.5%,,IL,250,22559,15.2,60615
150162990252421,,,3650 W SCHOOL ST ,,25.7,68968,CHICAGO,,School,,50,PK-8,9778,96.9,,13.5,REILLY ELEM SCHOOL,,,15120,20.2,2,,20.2%,,IL,1087,22559,13.6,60618
150162990252422,,,3425 N MAJOR AVE ,,26.1,68968,CHICAGO,,School,,37.1,PK-8,9778,90.9,,15.1,REINBERG ELEM SCHOOL,,,15120,36.2,1,,36.2%,,IL,833,22559,19,60634
150162990252423,,,1010 E 72ND ST ,,25.5,68968,CHICAGO,,School,,0,PK-8,9778,99.3,,30.1,REVERE ELEM SCHOOL,,,15120,5.7,2,,5.7%,,IL,287,22559,13.2,60619
150162990252724,,,4225 S LAKE PARK AVE ,,24.3,68968,CHICAGO,,School,,1.5,PK-3,9778,97.8,,47.1,ROBINSON ELEM SCHOOL,,,15120,17.5,2,,17.5%,,IL,134,22559,9.7,60653
150162990252426,,,7345 N WASHTENAW AVE ,,27.3,68968,CHICAGO,,School,,35,PK-8,9778,85.2,,9.3,ROGERS ELEM SCHOOL,,,15120,40.5,1,,40.5%,,IL,768,22559,16.4,60645
150162990252428,,,7831 S PRAIRIE AVE ,,21.1,68968,CHICAGO,,School,,0,PK-8,9778,99.3,,21.6,RUGGLES ELEM SCHOOL,,,15120,10.5,2,,10.5%,,IL,424,22559,17.5,60619
150162990252867,,,2410 S LEAVITT ST ,,26.6,68968,CHICAGO,,School,,31.4,PK-8,9778,96,,9.5,RUIZ ELEM SCHOOL,,,15120,21.3,1,,21.3%,,IL,848,22559,12.6,60608
150162990252429,,,8716 S WALLACE ST ,,25.9,68968,CHICAGO,,School,,0.6,PK-8,9778,97.6,,22,RYDER ELEM MATH & SCI SPEC SCHOOL,,,15120,11.7,2,,11.7%,,IL,339,22559,16.8,60620
150162990252828,,,2216 W HIRSCH ST ,,22.3,68968,CHICAGO,,School,,23.1,K-8,9778,91.5,,6.9,SABIN ELEM MAGNET SCHOOL,,,15120,28,2,,28%,,IL,601,22559,12.6,60622
150162990252706,,,160 W WENDELL ST ,,21.8,68968,CHICAGO,,School,,41.9,PK-8,9778,84.9,,11.2,SALAZAR ELEM BILINGUAL CENTER,,,15120,26.3,1,,26.3%,,IL,370,22559,23,60610
150162990252914,,,5534 S SAINT LOUIS AVE ,,30.3,68968,CHICAGO,,School,,51.1,PK-5,9778,97.9,,15.8,SANDOVAL ELEM SCHOOL,,,15120,22.4,1,,22.4%,,IL,1145,22559,9.4,60629
150162990252829,,,2850 W 24TH BLVD ,,27.1,68968,CHICAGO,,School,,43.4,PK-8,9778,96.5,,4.1,SAUCEDO ELEM SCHOLASTIC ACADEMY,,,15120,27.4,2,,27.4%,,IL,1215,22559,9.1,60623
150162990252434,,,6040 N KILPATRICK AVE ,,29,68968,CHICAGO,,School,,16.9,K-8,9778,36,,3.8,SAUGANASH ELEM SCHOOL,,,15120,55.4,1,,55.4%,,IL,575,22559,12.3,60646
150162990252435,,,5248 S SAWYER AVE ,,30.8,68968,CHICAGO,,School,,36.8,K-8,9778,98,,11.8,SAWYER ELEM SCHOOL,,,15120,20,1,,20%,,IL,1810,22559,7.6,60632
150162990252436,,,1850 N NEWLAND AVE ,,26,68968,CHICAGO,,School,,12.9,PK-8,9778,80.8,,12.1,SAYRE ELEM LANGUAGE ACADEMY,,,15120,24.1,1,,24.1%,,IL,536,22559,12.9,60707
150162990252438,,,4201 W HENDERSON ST ,,28.9,68968,CHICAGO,,School,,41.9,PK-8,9778,95.7,,15.3,SCAMMON ELEM SCHOOL,,,15120,23.5,1,,23.5%,,IL,962,22559,12.3,60641
150162990252442,,,9755 S GREENWOOD AVE ,,17.8,68968,CHICAGO,,School,,0,PK-8,9778,97.6,,31.2,SCHMID ELEM SCHOOL,,,15120,8.8,3,,8.8%,,IL,208,22559,22.6,60628
150162990252444,,,2727 N LONG AVE ,,24.7,68968,CHICAGO,,School,,68.3,PK-5,9778,97.1,,12.3,SCHUBERT ELEM SCHOOL,,,15120,18.9,2,,18.9%,,IL,943,22559,13.8,60639
150162990252446,,,4600 S HERMITAGE AVE ,,27,68968,CHICAGO,,School,,47.5,PK-8,9778,99.8,,11.5,SEWARD ELEM COMMUNICATION ARTS AC,,,15120,18.2,2,,18.2%,,IL,815,22559,11.3,60609
150162990252451,,,533 W 27TH ST ,,29.9,68968,CHICAGO,,School,,8.1,K-8,9778,57.8,,3.8,SHERIDAN ELEM MATH & SCIENCE ACAD,,,15120,60,1,,60%,,IL,557,22559,7,60616
150162990252453,,,1000 W 52ND ST ,,20.2,68968,CHICAGO,,School,,0.3,PK-8,9778,98.3,,31.8,SHERMAN ELEM SCHOOL,,,15120,10.4,3,,10.4%,,IL,362,22559,11,60609
150162990252454,,,245 W 57TH ST ,,19.8,68968,CHICAGO,,School,,0.6,PK-8,9778,98.9,,25.3,SHERWOOD ELEM SCHOOL,,,15120,13.7,1,,13.7%,,IL,352,22559,22.4,60621
150162990252455,,,4250 S ROCKWELL ST ,,27.9,68968,CHICAGO,,School,,53.2,PK-4,9778,99.2,,14,SHIELDS ELEM SCHOOL,,,15120,18.7,3,,18.7%,,IL,1060,22559,12.8,60632
150162990252968,,,2611 W 48TH ST ,,27.4,68968,CHICAGO,,School,,20.1,5-8,9778,98.7,,6.7,SHIELDS MIDDLE SCHOOL,,,15120,15.4,1,,15.4%,,IL,718,22559,18.4,60632
150162990252456,,,1330 E 50TH ST ,,23.4,68968,CHICAGO,,School,,4.1,K-6,9778,89,,21.4,SHOESMITH ELEM SCHOOL,,,15120,29.7,2,,29.7%,,IL,345,22559,14.5,60615
150162990252457,,,11140 S BISHOP ST ,,24.4,68968,CHICAGO,,School,,0,PK-8,9778,97.6,,37.1,SHOOP MATH-SCI TECH ELEM ACADEMY,,,15120,14,3,,14%,,IL,503,22559,12.9,60643
150162990252458,,,111 S THROOP ST ,,27.9,68968,CHICAGO,,School,,4.8,PK-8,9778,28.1,,3.7,SKINNER ELEM SCHOOL,,,15120,81.5,1,,81.5%,,IL,947,22559,5.2,60607
150162990252959,,,640 W SCOTT ST ,,29.6,68968,CHICAGO,,School,,0,K-8,9778,19.6,,3.4,SKINNER NORTH ELEM SCH,,,15120,93.9,1,,93.9%,,IL,418,22559,5.7,60610
150162990252768,,,744 E 103RD ST ,,24.1,68968,CHICAGO,,School,,0,PK-8,9778,98.1,,19.2,SMITH W ELEM SCHOOL,,,15120,9.2,2,,9.2%,,IL,365,22559,13.4,60628
150162990252459,,,4310 N MELVINA AVE ,,27.2,68968,CHICAGO,,School,,22.9,PK-8,9778,82.5,,13.1,SMYSER ELEM SCHOOL,,,15120,38.5,1,,38.5%,,IL,1023,22559,9.4,60634
150162990252460,,,1059 W 13TH ST ,,20.6,68968,CHICAGO,,School,,0.5,PK-8,9778,97,,33.5,SMYTH J ELEM SCHOOL,,,15120,6.2,2,,6.2%,,IL,435,22559,16.1,60608
150162990252461,,,6206 N HAMLIN AVE ,,30.6,68968,CHICAGO,,School,,24.8,PK-8,9778,63.3,,13.2,SOLOMON ELEM SCHOOL,,,15120,66,3,,66%,,IL,327,22559,14.1,60659
150162990252855,,,1212 S PLYMOUTH CT ,,29.8,68968,CHICAGO,,School,,7.2,PK-8,9778,36.2,,11.3,SOUTH LOOP ELEM SCHOOL,,,15120,55.7,1,,55.7%,,IL,908,22559,4.8,60605
150162990252960,,,1415 E 70TH ST ,,21.1,68968,CHICAGO,,School,,0,PK-8,9778,89.7,,6.6,SOUTH SHORE FINE ARTS ELEM SCH,,,15120,14,1,,14%,,IL,455,22559,14.9,60637
150162990252462,,,214 N LAVERGNE AVE ,,25.2,68968,CHICAGO,,School,,0.1,PK-8,9778,99.1,,33.1,SPENCER TECHNOLOGY ACAD ELEM SCH,,,15120,6.4,2,,6.4%,,IL,813,22559,17.1,60644
150162990252469,,,2400 S MARSHALL BLVD ,,23.2,68968,CHICAGO,,School,,47.8,PK-8,9778,99.6,,19.3,SPRY ELEM COMMUNITY SCHOOL,,,15120,16,2,,16%,,IL,680,22559,15,60623
150162990252464,,,7424 S MORGAN ST ,,25.4,68968,CHICAGO,,School,,0.5,PK-8,9778,98.2,,34.4,STAGG ELEM SCHOOL,,,15120,11.6,2,,11.6%,,IL,556,22559,16.5,60621
150162990252967,,,1522 W FILLMORE ST ,,27,68968,CHICAGO,,School,,12.8,K-7,9778,40.6,,6,STEM MAGNET ACADEMY ELEM,,,15120,67.6,1,,67.6%,,IL,392,22559,6.4,60607
150162990252465,,,8010 S KOSTNER AVE ,,28.3,68968,CHICAGO,,School,,37.6,PK-8,9778,94.9,,20.9,STEVENSON ELEM SCHOOL,,,15120,31.1,2,,31.1%,,IL,1233,22559,14.5,60652
150162990252468,,,6239 N LEAVITT ST ,,30.8,68968,CHICAGO,,School,,15.4,K-8,9778,54.1,,3.4,STONE ELEM SCHOLASTIC ACADEMY,,,15120,52.5,2,,52.5%,,IL,629,22559,10.3,60659
150162990252472,,,3444 W WABANSIA AVE ,,24,68968,CHICAGO,,School,,41.1,PK-8,9778,99.4,,13.4,STOWE ELEM SCHOOL,,,15120,7.9,2,,7.9%,,IL,772,22559,19.3,60647
150162990252941,,,2022 W WASHINGTON BLVD ,,17.6,68968,CHICAGO,,School,,5.6,PK-8,9778,64.2,,7.2,SUDER MONTESSORI ELEM MAGNET SCHL,,,15120,15.6,3,,15.6%,,IL,411,22559,10.5,60612
150162990252474,,,8331 S MACKINAW AVE ,,23.2,68968,CHICAGO,,School,,9.9,PK-8,9778,99.8,,40.9,SULLIVAN ELEM SCHOOL,,,15120,12.7,2,,12.7%,,IL,465,22559,18.1,60617
150162990252475,,,4320 W 5TH AVE ,,23.8,68968,CHICAGO,,School,,0,PK-8,9778,95.8,,21.1,SUMNER ELEM MATH & SCI COMM ACAD,,,15120,22.7,1,,22.7%,,IL,309,22559,13.9,60624
150162990252476,,,10015 S LEAVITT ST ,,27,68968,CHICAGO,,School,,0.3,K-8,9778,37.8,,8.7,SUTHERLAND ELEM SCHOOL,,,15120,35.8,1,,35.8%,,IL,730,22559,15.2,60643
150162990252477,,,5900 N WINTHROP AVE ,,25.4,68968,CHICAGO,,School,,43.9,PK-8,9778,89.6,,22.1,SWIFT ELEM SPECIALTY SCHOOL,,,15120,34.6,2,,34.6%,,IL,709,22559,13.1,60660
150162990252478,,,1840 W OHIO ST ,,23.5,68968,CHICAGO,,School,,45.3,PK-8,9778,84,,10,TALCOTT ELEM SCHOOL,,,15120,27.5,3,,27.5%,,IL,525,22559,16,60622
150162990252926,,,5450 S TALMAN AVE ,,21.7,68968,CHICAGO,,School,,53.1,PK-8,9778,96.2,,5.3,TALMAN ELEM SCHOOL,,,15120,28,1,,28%,,IL,418,22559,11.2,60632
150162990252479,,,7350 S EVANS AVE ,,22.1,68968,CHICAGO,,School,,0,PK-8,9778,92.3,,36.9,TANNER ELEM SCHOOL,,,15120,12.2,2,,12.2%,,IL,404,22559,20.3,60619
150162990252943,,,3330 W 71ST ST ,,28.7,68968,CHICAGO,,School,,34.3,PK-8,9778,97.3,,11.4,TARKINGTON ELEM SCHOOL,,,15120,23.9,2,,23.9%,,IL,1036,22559,11.3,60629
150162990252480,,,9912 S AVENUE H ,,26.1,68968,CHICAGO,,School,,39.5,PK-8,9778,99,,32,TAYLOR ELEM SCHOOL,,,15120,13.3,1,,13.3%,,IL,521,22559,17.1,60617
150162990252901,,,2832 W 24TH BLVD ,,20.1,68968,CHICAGO,,School,,65.8,PK-8,9778,95.1,,14.1,TELPOCHCALLI ELEM SCHOOL,,,15120,14.4,1,,14.4%,,IL,307,22559,21.8,60623
150162990252484,,,8914 S BUFFALO AVE ,,24.7,68968,CHICAGO,,School,,12.2,PK-8,9778,98.2,,33.7,THORP J N ELEM SCHOOL,,,15120,6,2,,6%,,IL,329,22559,25.2,60617
150162990252486,,,6024 W WARWICK AVE ,,31,68968,CHICAGO,,School,,9.7,K-8,9778,54.8,,2.3,THORP O A ELEM SCHOLASTIC ACAD,,,15120,43.7,2,,43.7%,,IL,814,22559,8.8,60634
150162990252766,,,6543 S CHAMPLAIN AVE ,,17.9,68968,CHICAGO,,School,,0,PK-8,9778,99,,44.1,TILL ELEM MATH & SCIENCE ACADEMY,,,15120,5,2,,5%,,IL,395,22559,22.3,60637
150162990252487,,,223 N KEELER AVE ,,22.7,68968,CHICAGO,,School,,0.3,PK-8,9778,99.2,,43,TILTON ELEM SCHOOL,,,15120,4.9,1,,4.9%,,IL,371,22559,15.4,60624
150162990252488,,,5815 S HOMAN AVE ,,27.8,68968,CHICAGO,,School,,36.2,PK-5,9778,98.2,,14.7,TONTI ELEM SCHOOL,,,15120,27.2,1,,27.2%,,IL,1084,22559,9.2,60629
150162990252826,,,9300 S PRINCETON AVE ,,26.8,68968,CHICAGO,,School,,0,K-8,9778,81.7,,7.6,TURNER-DREW ELEM LANGUAGE ACADEMY,,,15120,32.1,1,,32.1%,,IL,306,22559,16,60620
150162990252490,,,5134 S LOTUS AVE ,,31.6,68968,CHICAGO,,School,,18.7,PK-8,9778,89.3,,6.6,TWAIN ELEM SCHOOL,,,15120,42.6,1,,42.6%,,IL,1213,22559,10.6,60638
150162990252491,,,9510 S PROSPECT AVE ,,27.1,68968,CHICAGO,,School,,0,K-8,9778,72.4,,5.5,VANDERPOEL ELEM MAGNET SCHOOL,,,15120,23.6,2,,23.6%,,IL,297,22559,9.4,60643
150162990252494,,,4950 N AVERS AVE ,,27.6,68968,CHICAGO,,School,,54,PK-8,9778,94.7,,20.4,VOLTA ELEM SCHOOL,,,15120,24.5,1,,24.5%,,IL,1003,22559,14,60625
150162990252497,,,9746 S MORGAN ST ,,21.4,68968,CHICAGO,,School,,0.4,PK-8,9778,94.7,,10.3,WACKER ELEM SCHOOL,,,15120,12.6,3,,12.6%,,IL,245,22559,15.1,60643
150162990252498,,,6650 S ELLIS AVE ,,24.1,68968,CHICAGO,,School,,0.5,PK-8,9778,98.7,,35.3,WADSWORTH ELEM SCHOOL,,,15120,18,3,,18%,,IL,553,22559,13.9,60637
150162990252500,,,2015 S PEORIA ST ,,23.2,68968,CHICAGO,,School,,28.5,PK-8,9778,91.7,,11.1,WALSH ELEM SCHOOL,,,15120,19.1,2,,19.1%,,IL,421,22559,16.4,60608
150162990252501,,,2701 S Shields Ave ,,27.5,68968,Chicago,,School,,36.7,PK-8,9778,88,,8.3,WARD J ELEM SCHOOL,,,15120,46.8,2,,46.8%,,IL,515,22559,10.1,60616
150162990252767,,,646 N LAWNDALE AVE ,,24.1,68968,CHICAGO,,School,,1.7,PK-8,9778,98.8,,26.2,WARD L ELEM SCHOOL,,,15120,18.9,1,,18.9%,,IL,662,22559,11.8,60624
150162990252502,,,9239 S JEFFERY AVE ,,27.8,68968,CHICAGO,,School,,0.7,PK-8,9778,96,,12.9,WARREN ELEM SCHOOL,,,15120,18.9,1,,18.9%,,IL,303,22559,14.2,60617
150162990252503,,,3611 E 114TH ST ,,27.5,68968,CHICAGO,,School,,8.8,PK-8,9778,81.3,,12.8,WASHINGTON G ELEM SCHOOL,,,15120,38,1,,38%,,IL,852,22559,10.8,60617
150162990252401,,,9130 S UNIVERSITY AVE ,,23.8,68968,CHICAGO,,School,,0.7,PK-8,9778,96.6,,38.7,WASHINGTON H ELEM SCHOOL,,,15120,7.8,2,,7.8%,,IL,442,22559,17.6,60619
150162990252504,,,4540 N CAMPBELL AVE ,,27,68968,CHICAGO,,School,,12.4,K-8,9778,47,,7.3,WATERS ELEM SCHOOL,,,15120,44.1,1,,44.1%,,IL,627,22559,10.2,60625
150162990252505,,,4055 W ARTHINGTON ST ,,20.1,68968,CHICAGO,,School,,0,PK-8,9778,98.7,,34.8,WEBSTER ELEM SCHOOL,,,15120,29.2,1,,29.2%,,IL,307,22559,14.3,60624
150162990252902,,,249 E 37Th St ,,24.6,68968,Chicago,,School,,1.3,PK-8,9778,97.6,,16.6,WELLS PREPARATORY ELEM ACADEMY,,,15120,15.3,2,,15.3%,,IL,460,22559,10.7,60653
150162990252506,,,1340 W 71ST ST ,,21.9,68968,CHICAGO,,School,,2.7,PK-8,9778,98.6,,31.2,WENTWORTH ELEM SCHOOL,,,15120,7.5,4,,7.5%,,IL,558,22559,13.4,60636
150162990252908,,,1425 N TRIPP AVE ,,24.5,68968,CHICAGO,,School,,35.2,PK-8,9778,99.1,,19.7,WEST PARK ELEM ACADEMY,,,15120,17.5,4,,17.5%,,IL,633,22559,12.8,60651
150162990252965,,,6700 N WHIPPLE ST ,,28.1,68968,CHICAGO,,School,,43.3,PK-8,9778,92.1,,22.8,WEST RIDGE ELEM SCHOOL,,,15120,44.1,1,,44.1%,,IL,723,22559,9.4,60645
150162990252507,,,409 W 80TH ST ,,25.8,68968,CHICAGO,,School,,1.1,PK-8,9778,98.4,,40.9,WESTCOTT ELEM SCHOOL,,,15120,10.6,1,,10.6%,,IL,378,22559,16.7,60620
150162990252512,,,11533 S ADA ST ,,26.1,68968,CHICAGO,,School,,0.4,PK-8,9778,95.2,,26.7,WHISTLER ELEM SCHOOL,,,15120,19.4,2,,19.4%,,IL,270,22559,12.2,60643
150162990252729,,,1136 W 122ND ST ,,17.7,68968,CHICAGO,,School,,0,PK-8,9778,99.4,,41.9,WHITE ELEM CAREER ACADEMY,,,15120,9.3,2,,9.3%,,IL,173,22559,16.2,60643
150162990252513,,,2815 S KOMENSKY AVE ,,26.7,68968,CHICAGO,,School,,53.6,PK-8,9778,98.6,,9.6,WHITNEY ELEM SCHOOL,,,15120,23,1,,23%,,IL,1111,22559,10.1,60623
150162990252514,,,1900 W 23RD ST ,,19.5,68968,CHICAGO,,School,,70.2,PK-8,9778,98.4,,16.4,WHITTIER ELEM SCHOOL,,,15120,10.5,2,,10.5%,,IL,322,22559,15.5,60608
150162990252516,,,6950 N HIAWATHA AVE ,,23.2,68968,CHICAGO,,School,,9.6,K-8,9778,24.2,,4.7,WILDWOOD ELEM SCHOOL,,,15120,59,2,,59%,,IL,429,22559,14,60646
150162990252903,,,6657 S KIMBARK AVE ,,22.7,68968,CHICAGO,,School,,0,PK-6,9778,96.2,,10.9,WOODLAWN ELEM COMMUNITY SCHOOL,,,15120,27.2,2,,27.2%,,IL,212,22559,6.6,60637
150162990252521,,,4414 S EVANS AVE ,,19.3,68968,CHICAGO,,School,,1.2,PK-8,9778,97.9,,26.9,WOODSON SOUTH ELEM SCHOOL,,,15120,3.9,1,,3.9%,,IL,326,22559,13.2,60653
150162990252542,,,1839 N RICHMOND ST ,,19.8,68968,CHICAGO,,School,,35.1,PK-8,9778,97.5,,25.7,YATES ELEM SCHOOL,,,15120,18.3,2,,18.3%,,IL,552,22559,26.6,60647
150162990252525,,,1434 N PARKSIDE AVE ,,26.7,68968,CHICAGO,,School,,5.9,PK-8,9778,98.2,,24.3,YOUNG ELEM SCHOOL,,,15120,9.7,1,,9.7%,,IL,1023,22559,14.6,60651
150162990252897,,,2728 S KOSTNER AVE ,,23.8,68968,CHICAGO,,School,,50.7,PK-8,9778,98.1,,14.6,ZAPATA ELEM ACADEMY,,,15120,27.3,1,,27.3%,,IL,895,22559,13.5,60623
15016299025229C,,,4647 W 47TH ST ,,25,68968,CHICAGO,,School,,29.4,K-8,9778,78.8,,11.4,ACADEMY FOR GLOBAL CITIZENSHIP,,,15120,24.8,1,,24.8%,,IL,391,22559,12,60632
15016299025009C,83.9,95.1,5410 S STATE ST ,3.4,19.9,68968,CHICAGO,4.6,School,20.7,4.3,9-12,9778,97.7,8,20,ACE TECHNICAL CHARTER HIGH SCHOOL,,,15120,2.8,1,9.2,2.8%,4.6,IL,443,22559,20.3,60609
15016299025227C,,,,,18.8,68968,,,School,,2.5,5-12,9778,97.5,,17.1,AMANDLA CHARTER SCHOOL,,,15120,2.4,3,,2.4%,,,325,22559,21.2,
15016299025214C,,,1643 W BRYN MAWR AVE ,,22.6,68968,CHICAGO,,School,,33.6,PK-8,9778,74.4,,19.1,ASIAN HUMAN SERVICES -PASSAGE CHRTR,,,15120,33.6,1,,33.6%,,IL,453,22559,10.2,60660
15016299025008C,72.4,79.2,1711 N CALIFORNIA AVE ,0.6,19.5,68968,CHICAGO,5.2,School,15.1,22.8,6-12,9778,97.9,4.7,7.7,ASPIRA CHARTER SCHOOLS,,,15120,17.7,8,5.2,17.7%,2.3,IL,1165,22559,16,60647
15016299025222C,,,,,22.5,68968,,,School,,0,K-8,9778,94.2,,8.6,BRONZEVILLE LIGHTHOUSE ELEM CHRTR,,,15120,17.1,1,,17.1%,,,467,22559,13.3,
15016299025232C,0,93.1,6727 S CALIFORNIA AVE ,,20.1,68968,CHICAGO,,School,,16.8,K-12,9778,93.3,,9.3,CATALYST CHARTER - MARIA ES,,,15120,14.3,,,14.3%,,IL,955,22559,18.2,60629
15016299025228C,,,5608 W WASHINGTON BLVD ,,26.3,68968,CHICAGO,,School,,0,K-8,9778,97.5,,5.7,CATALYST CHARTER-CIRCLE ROCK ES,,,15120,10.6,2,,10.6%,,IL,513,22559,14.8,60644
15016299025223C,,,,,24,68968,,,School,,0.7,K-8,9778,98.7,,31.3,CATALYST CHARTER-HOWLAND ES,,,15120,6.6,2,,6.6%,,,461,22559,18,
15016299025236C,,,11816 S INDIANA AVE ,,28.8,68968,CHICAGO,,School,,0,4-6,9778,91.3,,15.1,CHICAGO COLLEGIATE CHARTER SCHOOL,,,15120,12.6,1,,12.6%,,IL,173,22559,15,60628
15016299025201C,87.5,94.6,11 E ADAMS ST STE 600 ,6.8,24.7,68968,CHICAGO,22.4,School,48.9,7.2,K-12,9778,89.1,14.2,10.5,CHICAGO INTERNATIONAL CHARTER,,,15120,22.1,43,17.4,22.1%,13.9,IL,8347,22559,14.3,60603
15016299025217C,89.9,93.8,7212 N CLARK ST ,13.9,23.6,68968,CHICAGO,34.2,School,51.9,15.3,6-12,9778,94.2,29.1,6.5,CHICAGO MATH & SCI ELEM CHARTER,,,15120,29,2,27.8,29%,24.1,IL,606,22559,11.1,60626
15016299025225C,45.2,74.2,38 S PEORIA ST ,10.8,28,68968,CHICAGO,27,School,59.5,5.6,K-12,9778,76.1,16.2,35.7,CHICAGO VIRTUAL CHARTER SCHOOL,,,15120,32.5,1,35.1,32.5%,18.9,IL,675,22559,14.1,60607
15016299025235C,,,5235 W Belden St ,,27.7,68968,Chicago,,School,,61.4,K-3,9778,95.2,,6,CHRISTOPHER HOUSE CHRT ES,,,15120,,1,,-,,IL,166,22559,11.4,60639
15016299025015C,77.6,81.6,8255 S HOUSTON AVE ,1,25.5,68968,CHICAGO,10.9,School,30.7,11.8,9-12,9778,96.2,4,20.2,EPIC ACADEMY HIGH SCHOOL,,,15120,10.7,2,5.9,10.7%,7.9,IL,422,22559,17.3,60617
15016299025219C,,,1405 N WASHTENAW AVE ,,23.8,68968,CHICAGO,,School,,39.5,K-8,9778,91.4,,3.7,ERIE ELEM CHARTER SCHOOL,,,15120,21.3,4,,21.3%,,IL,440,22559,15.7,60622
15016299025011C,90.1,86.6,,0,24.3,68968,,8.2,School,39.2,0,12,9778,98.9,4.1,8.8,FORD POWER HOUSE CHARTER HS,,,15120,,2,6.2,-,5.2,,95,22559,13.7,
15016299025242C,,,1233 W 109TH PL ,,11.4,68968,CHICAGO,,School,,0,6-7,9778,96.4,,28.9,FOUNDATIONS COLLEGE PREP CHARTER,,,15120,9.5,3,,9.5%,,IL,110,22559,21.8,60643
15016299025238C,,,3711 W DOUGLAS BLVD ,,24.1,68968,CHICAGO,,School,,0,PK-8,9778,98.3,,16.6,FRAZIER PREP ACAD CHARTER ES,,,15120,12.9,7,,12.9%,,IL,400,22559,10.5,60623
15016299025220C,,,3814 W IOWA ST ,,17.9,68968,CHICAGO,,School,,0.9,K-8,9778,96.5,,5.2,GALAPAGOS ELEM CHARTER SCHOOL,,,15120,20.4,4,,20.4%,,IL,339,22559,11.2,60651
15016299025241C,,,8401 S SAGINAW AVE ,,28.3,68968,CHICAGO,,School,,3.2,K-1,9778,95.2,,23.9,GREAT LAKES ACADEMY CHARTER ES,,,15120,,1,,-,,IL,125,22559,4.8,60617
15016299025240C,,,5401 S Western Blvd ,,24.1,68968,Chicago,,School,,27.4,K-8,9778,93.9,,5.3,HORIZON SCI ACADEMY - SOUTHWEST CHARTER,,,15120,25.9,1,,25.9%,,IL,446,22559,12.8,60609
15016299025012C,90.5,93.1,2520 S WESTERN AVE ,3.4,25.4,68968,CHICAGO,15.9,School,35.9,13.8,9-12,9778,97.5,17.2,6.2,IHSCA CHARTER HIGH SCHOOL,,,15120,15.6,2,11.7,15.6%,10.3,IL,769,22559,12.9,60608
15016299025020C,13.3,16.5,2570 S BLUE ISLAND AVE ,,11.8,68968,CHICAGO,,School,,20.1,7-12,9778,96.5,,58.5,IJLA CHARTER HIGH SCHOOL,,,15120,,1,,-,,IL,229,22559,13.5,60608
15016299025022C,,,4540 W Belmont Ave ,,25.3,68968,Chicago,,School,,6,"7,9-10",9778,84.8,,15,INTRINSIC CHARTER HIGH SCHOOL,,,15120,17.4,1,,17.4%,,IL,448,22559,15.2,60641
15016299025215C,,,,,25.6,68968,,,School,,1.2,1-8,9778,96.1,,10.2,KIPP ASCEND ELEM CHARTER SCHOOL,,,15120,16.7,4,,16.7%,,,724,22559,11.5,
15016299025243C,,,,,21.8,68968,,,School,,2.8,K,9778,98.1,,7.6,KIPP ASCEND PRIMARY CHARTER,,,15120,,,,-,,,108,22559,4.6,
15016299025237C,,,,,24.7,68968,,,School,,0,5-6,9778,93.9,,19.2,KIPP BLOOM CHARTER ES,,,15120,11.5,1,,11.5%,,,165,22559,12.7,
15016299025234C,,,4818 W Ohio St ,,26,68968,Chicago,,School,,0,K-8,9778,96.6,,13.3,KIPP CHICAGO CHARTER SCHOOLS,,,15120,12.4,1,,12.4%,,IL,234,22559,10.3,60644
15016299025208C,,,1132 S HOMAN AVE ,,22.8,68968,CHICAGO,,School,,2.7,K-8,9778,95.7,,9.1,LEARN CHARTER SCHOOLS,,,15120,20.8,10,,20.8%,,IL,3031,22559,12,60624
15016299025221C,,,4217 W 18TH ST ,,22.5,68968,CHICAGO,,School,,0.4,PK-8,9778,94.5,,9.4,LEGACY ELEM CHARTER SCHOOL,,,15120,14.2,2,,14.2%,,IL,495,22559,15.6,60623
15016299025019C,,,4319 W WASHINGTON BLVD ,,26.3,68968,CHICAGO,,School,,0,9-12,9778,97.2,,20.9,LEGAL PREP ACADEMY CHARTER HS,,,15120,1.3,2,,1.3%,,IL,249,22559,17.7,60624
15016299025206C,,,3141 W JACKSON BLVD ,,23,68968,CHICAGO,,School,,0,PK-8,9778,94.6,,10.7,LOCKE A ELEM CHARTER ACADEMY,,,15120,42.9,2,,42.9%,,IL,579,22559,7.6,60612
15016299025233C,,,6550 S SEELEY AVE ,,26.7,68968,CHICAGO,,School,,0.4,PK-5,9778,96,,32.1,MONTESSORI OF ENGLEWOOD CHTR ES,,,15120,1.7,1,,1.7%,,IL,253,22559,15.8,60636
15016299025218C,,,3737 S PAULINA ST ,,25.8,68968,CHICAGO,,School,,32,K-8,9778,85.2,,5.2,NAMASTE ELEM CHARTER SCHOOL,,,15120,26,2,,26%,,IL,485,22559,18.1,60609
15016299025231C,,,314 W 108TH ST ,,22.1,68968,CHICAGO,,School,,0.3,K-8,9778,87.8,,15.4,NKRUMAH ACADEMY CHARTER ES,,,15120,13.8,1,,13.8%,,IL,311,22559,9.6,60628
15016299025006C,87,95.2,1 N State St Fl 7Th ,13.7,24.9,68968,Chicago,44.1,School,67.2,4.7,6-12,9778,91.6,45.4,8.6,NOBLE STREET CHARTER SCHOOLS,,,15120,22.2,23,24.7,22.2%,25.6,IL,10195,22559,15.1,60602
15016299025005C,89.7,97.9,1313 S SACRAMENTO DR ,0,18.9,68968,CHICAGO,5.3,School,26.9,0.2,8-12,9778,96.5,4.7,12.1,NORTH LAWNDALE CHARTER HS,,,15120,0.8,3,3.5,0.8%,2.3,IL,820,22559,13.7,60623
15016299025003C,92.1,90.3,1930 S ARCHER AVE ,3.8,21.9,68968,CHICAGO,15.8,School,42.4,1.1,6-12,9778,94.7,11.1,10,PERSPECTIVES CHARTER HIGH SCHOOL,,,15120,8.2,23,13.3,8.2%,9.5,IL,2007,22559,17.9,60616
15016299025226C,,,620 N SAWYER AVE ,,24,68968,CHICAGO,,School,,0,K-8,9778,94.3,,17.2,POLARIS ELEM CHARTER ACADEMY,,,15120,12.4,1,,12.4%,,IL,420,22559,15.5,60624
15016299025017C,32.4,37,1551 W 95TH ST ,0,25.1,68968,CHICAGO,0,School,10.5,0,9-12,9778,97.1,0,92.9,PROLOGUE - JOHNSTON FINE ARTS HS,,,15120,,2,0,-,0,IL,240,22559,8.3,60643
15016299025224C,,,6515 S ASHLAND AVE ,,21.1,68968,CHICAGO,,School,,0.8,K-8,9778,91.8,,5.8,PROVIDENCE-ENGLEWOOD ELEM CHARTER,,,15120,21.3,1,,21.3%,,IL,510,22559,10.4,60636
15016299025230C,,,1424 N CLEAVER ST ,,26.1,68968,CHICAGO,,School,,28.8,K-8,9778,87.6,,3.2,ROWE ELEMENTARY,,,15120,28.9,1,,28.9%,,IL,694,22559,9.8,60642
15016299025203C,9.6,82.7,,0,22.3,68968,,2.5,School,21,0,"K-8,12",9778,96.9,2.5,22.9,SHABAZZ INTERNATIONAL CHRTR SCHLS,,,15120,11.3,6,3.7,11.3%,1.2,,706,22559,12.9,
15016299025204C,87.3,98.2,1313 E 60TH ST ,3.6,22.1,68968,CHICAGO,16.4,School,43.6,0.3,K-12,9778,84.2,7.3,6.8,UNIV OF CHICAGO CHARTER SCHOOLS,,,15120,20.8,8,10.9,20.8%,3.6,IL,1913,22559,10,60637
15016299025205C,74.6,97.4,954 W Washington Blvd Fl 3 ,3.3,29.5,68968,Chicago,21.9,School,46.4,40.2,K-12,9778,97.1,13.2,5.1,UNO ACADEMY CHARTER SCHOOLS,,,15120,24.6,25,12.6,24.6%,12.6,IL,7923,22559,10.8,60607
15016299025013C,55.1,98,521 E 35Th St ,5.2,18.8,68968,Chicago,18.1,School,49.1,0,9-12,9778,85.1,12.9,17.2,URBAN PREP CHTR ACAD BRONZEVILLE HS,,,15120,0.5,1,15.5,0.5%,9.5,IL,470,22559,17,60616
15016299025010C,79.3,94,6201 S STEWART AVE ,3.1,17.9,68968,CHICAGO,13.3,School,39.8,0,9-12,9778,82.4,10.2,12.1,URBAN PREP CHTR ACAD ENGLEWOOD HS,,,15120,1.7,3,13.3,1.7%,6.1,IL,472,22559,20.8,60621
15016299025016C,66.3,90.4,1326 W 14TH PL ,1,16.7,68968,CHICAGO,14.4,School,35.1,0.2,9-12,9778,90.3,11.3,20,URBAN PREP CHTR ACAD WEST CAMPUS HS,,,15120,1,1,12.4,1%,7.2,IL,412,22559,20.6,60608
15016299025007C,85.7,97.9,2641 S CALUMET AVE ,2.2,16.3,68968,CHICAGO,10.9,School,39.1,0.6,9-12,9778,91.4,6.5,9.2,YOUNG WOMENS LEADERSHIP CHARTR HS,,,15120,7.6,2,15.2,7.6%,4.3,IL,327,22559,21.1,60616
15016299025004C,28.9,40.3,10 W 35TH ST ,0.7,12.2,68968,CHICAGO,4,School,13.4,3.9,10-12,9778,97.1,2.2,91.5,YOUTH CONNECTIONS CHARTER HS,,,15120,2.2,42,5.5,2.2%,2.7,IL,3906,22559,17.1,60616
150162990253793,0,0,5035 W NORTH AVE ,0,0,68968,CHICAGO,0,School,0,0,,0,0,0,0,BANNER WEST ACADEMY HS,,,0,0,0,0,,0,IL,0,22559,0,60639
150162990253760,0,0,6445 W STRONG ST ,0,0,68968,CHICAGO,0,School,0,0,,0,0,0,0,BEARD ELEM SCHOOL,,,0,0,0,0,,0,IL,0,22559,0,60656
150162990253761,0,0,6751 W 63RD PL ,0,0,68968,CHICAGO,0,School,0,0,,0,0,0,0,BLAIR EARLY CHILDHOOD CENTER,,,0,0,0,0,,0,IL,0,22559,0,60638
150162990253807,0,0,,0,0,68968,,0,School,0,0,,0,0,0,0,CAMELOT SAFE ACADEMY - GARFIELD PARK,,,0,0,0,0,,0,,0,22559,0,
150162990253777,0,0,7877 S Coles Ave ,0,0,68968,Chicago,0,School,0,0,,0,0,0,0,CAMELOT SAFE ACADEMY SCHOOL,,,0,0,0,0,,0,IL,0,22559,0,60649
150162990253796,0,0,7141 S MORGAN ST ,0,0,68968,CHICAGO,0,School,0,0,,0,0,0,0,EXCEL ACADEMY - ENGLEWOOD HS,,,0,0,0,0,,0,IL,0,22559,0,60621
150162990253806,0,0,,0,0,68968,,0,School,0,0,,0,0,0,0,EXCEL ACADEMY - SOUTHWEST HS,,,0,0,0,0,,0,,0,22559,0,
150162990253805,0,0,6145 S INGLESIDE AVE ,0,0,68968,CHICAGO,0,School,0,0,,0,0,0,0,EXCEL ACADEMY - WOODLAWN HS,,,0,0,0,0,,0,IL,0,22559,0,60637
150162990253715,0,0,2347 S WABASH AVE ,0,0,68968,CHICAGO,0,School,0,0,,0,0,0,0,GRAHAM R TRAINING CENTER,,,0,0,0,0,,0,IL,0,22559,0,60616
15016299025239C,0,0,8522 S Lafayette Ave ,0,0,68968,Chicago,0,School,0,0,,0,0,0,0,HORIZON SCI ACADEMY - CHATHAM CHARTER,,,0,0,0,0,,0,IL,0,22559,0,60620
150162990253075,0,0,1100 S HAMILTON AVE ,0,0,68968,CHICAGO,0,School,0,0,,0,0,0,0,JEFFERSON ALT HIGH SCHOOL,,,0,0,0,0,,0,IL,0,22559,0,60612
150162990253804,0,0,1060 E 47Th St ,0,0,68968,Chicago,0,School,0,0,,0,0,0,0,LITTLE BLACK PEARL ARTS ACAD HS,,,0,0,0,0,,0,IL,0,22559,0,60653
150162990253797,0,0,3222 W Roosevelt Rd ,0,0,68968,Chicago,0,School,0,0,,0,0,0,0,MAGIC JOHNSON ACADEMY HS,,,0,0,0,0,,0,IL,0,22559,0,60624
150162990250842,0,0,145 S CAMPBELL AVE ,0,0,68968,CHICAGO,0,School,0,0,,0,0,0,0,MARINE MATH AND SCIENCE ACADEMY HS,,,0,0,0,0,,0,IL,0,22559,0,60612
150162990253116,0,0,1310 S ASHLAND AVE ,0,0,68968,CHICAGO,0,School,0,0,,0,0,0,0,MONTEFIORE SPECIAL ELEM SCHOOL,,,0,0,0,0,,0,IL,0,22559,0,60608
150162990253743,0,0,3730 W BRYN MAWR AVE ,0,0,68968,CHICAGO,0,School,0,0,,0,0,0,0,NORTHSIDE LEARNING CENTER,,,0,0,0,0,,0,IL,0,22559,0,60659
150162990253800,0,0,7500 N Harlem Ave ,0,0,68968,Chicago,0,School,0,0,,0,0,0,0,OMBUDSMAN CHICAGO HS,,,0,0,0,0,,0,IL,0,22559,0,60631
150162990253794,0,0,3270 W 87TH ST ,0,0,68968,CHICAGO,0,School,0,0,,0,0,0,0,PATHWAYS IN EDUCATION HS,,,0,0,0,0,,0,IL,0,22559,0,60652
150162990253784,0,0,4946 S PAULINA ST ,0,0,68968,CHICAGO,0,School,0,0,,0,0,0,0,PEACE AND EDUCATION COALITION HS,,,0,0,0,0,,0,IL,0,22559,0,60609
150162990253788,0,0,1135 N CLEAVER ST ,0,0,68968,CHICAGO,0,School,0,0,,0,0,0,0,PROLOGUE EARLY COLLEGE HS,,,0,0,0,0,,0,IL,0,22559,0,60642
150162990253735,0,0,110 N PAULINA ST ,0,0,68968,CHICAGO,0,School,0,0,,0,0,0,0,RUDOLPH ELEM LEARNING CENTER,,,0,0,0,0,,0,IL,0,22559,0,60612
150162990253732,0,0,1321 S PAULINA ST ,0,0,68968,CHICAGO,0,School,0,0,,0,0,0,0,SIMPSON ACAD HS FOR YOUNG WOMEN,,,0,0,0,0,,0,IL,0,22559,0,60608
150162990253765,0,0,7342 S HOYNE AVE ,0,0,68968,CHICAGO,0,School,0,0,,0,0,0,0,SOUTHSIDE OCCUPATIONAL ACAD HS,,,0,0,0,0,,0,IL,0,22559,0,60636
150162990253762,0,0,7507 W BIRCHWOOD AVE ,0,0,68968,CHICAGO,0,School,0,0,,0,0,0,0,STOCK EARLY CHILDHOOD CENTER,,,0,0,0,0,,0,IL,0,22559,0,60631
150162990253787,0,0,3625 S HOYNE AVE ,0,0,68968,CHICAGO,0,School,0,0,,0,0,0,0,THOMAS EARLY CHILDHOOD CENTER,,,0,0,0,0,,0,IL,0,22559,0,60609
150162990253753,0,0,4355 N LINDER AVE ,0,0,68968,CHICAGO,0,School,0,0,,0,0,0,0,VAUGHN OCCUPATIONAL HIGH SCHOOL,,,0,0,0,0,,0,IL,0,22559,0,60641
150162990253781,0,0,2554 W 113TH ST ,0,0,68968,CHICAGO,0,School,0,0,,0,0,0,0,VICK EARLY CHILDHOOD & FAMILY CTR,,,0,0,0,0,,0,IL,0,22559,0,60655
150162990253799,0,0,7847 S Jeffery Blvd ,0,0,68968,Chicago,0,School,0,0,,0,0,0,0,WINNIE MANDELA HIGH SCHOOL,,,0,0,0,0,,0,IL,0,22559,0,60649
150162990253600,0,0,2700 S CALIFORNIA AVE ,0,0,68968,CHICAGO,0,School,0,0,,0,0,0,0,YORK ALTERNATIVE HIGH SCHOOL,,,0,0,0,0,,0,IL,0,22559,0,60608
